month,day,year,T,I,Rf,D,Syn_ps_30,Synthetic_30,Syn_ps_45,Synthetic_45,Syn_ps_60,Synthetic_60,Am_RN_N,Am_RS_N,Am_SN_N,Nd_RN_S,Pm_RN_S,Pm_RS_S,Qc_RN_S,Qc_RS_N,Qg_SN_S,Qg_SS_S,Am_RN_S,Am_RS_S,Am_SN_S,Nd_RN_N,Nd_RS_N,Nd_RS_S,Pm_RN_N,Pm_RN_SW,Pm_RS_N,Qc_RN_N,Qc_RS_S,Qg_SN_N,Qg_SS_N
10,1,2015,21.2898,393.3491,0,0.0115,-0.766170007,0.301612291,-0.766170007,0.351287004,-0.766170007,0.424594488,0.2543,0.6972,0.4367,0.5539,0.5761,0.457,0.2379,0.846,0.3737,0.6476,0.4449,0.4558,0,0.4173,0.5857,0,0.8784,0.2776,0.7994,0.4952,0.2756,0.4743,0.6429
10,2,2015,25.5989,427.1246,0,0.0223,-0.846351545,0.300608353,-0.860507999,0.382005147,-0.881923974,0.481467273,0.3142,0.6957,0.5042,0.7146,0.8241,0.4866,0.1481,0.7436,0.3008,0.7031,0.5035,0.4577,0,0.5515,0.856,0,0.9149,0.3096,0.6378,0.385,0.207,0.5635,0.5959
10,3,2015,19.1002,411.0462,0,0.0127,-0.936535617,0.272759729,-0.97945808,0.327676951,-1.039713617,0.401075298,0.281,0.6471,0.4094,0.5319,0.6563,0.4169,0.1671,0.8549,0.3782,0.6721,0.3809,0.5592,0,0.3827,0.6661,0,0.8396,0.2138,0.8123,0.5485,0.2687,0.5392,0.6308
10,4,2015,26.0745,384.2046,0,0.0248,-1.028551216,0.266991221,-1.097571118,0.346895896,-1.197706583,0.439462001,0.2534,0.6799,0.4861,0.6013,0.7942,0.4571,0.187,0.8562,0.2712,0.7216,0.5957,0.4119,0,0.3495,0.8729,0,0.8602,0.2548,0.775,0.3711,0.1885,0.4769,0.6938
10,5,2015,23.3633,381.0327,0,0.0145,-1.129367341,0.237875427,-1.241831542,0.2902982,-1.405297804,0.354563004,0.2079,0.6456,0.4093,0.6085,0.6495,0.3931,0.1505,0.8444,0.3134,0.6893,0.4416,0.3489,0,0.4267,0.6612,0,0.8467,0.2257,0.7653,0.3911,0.2289,0.574,0.6116
10,6,2015,22.1218,366.6989,0,0.0104,-1.229364271,0.210975903,-1.380401432,0.2458769,-1.604997807,0.291408864,0.1731,0.6656,0.3743,0.5917,0.576,0.3557,0.1453,0.8202,0.2804,0.6181,0.5202,0.3251,0,0.3773,0.5522,0,0.8772,0.2077,0.6974,0.2863,0.1968,0.4796,0.615
10,7,2015,22.9091,287.0502,0,0.014,-1.327094652,0.200519858,-1.512547976,0.24590593,-1.79515644,0.295465873,0.3836,0.6567,0.4006,0.7257,0.7673,0.3801,0.1664,0.7984,0.3654,0.6415,0.48,0.369,0,0.394,0.6706,0,0.7984,0.2577,0.6907,0.468,0.2637,0.6216,0.5728
10,8,2015,25.705,386.9333,0,0.0227,-1.428778262,0.190241943,-1.660246656,0.247840335,-2.016361996,0.302356214,0.2998,0.5817,0.4534,0.7365,0.7149,0.4168,0.1456,0.7997,0.2958,0.6665,0.3711,0.3073,0,0.264,0.8417,0,0.8735,0.2552,0.7897,0.3319,0.2123,0.5917,0.6143
10,9,2015,23.6791,350.6335,0,0.018,-1.534042964,0.167627462,-1.827040014,0.211012752,-2.277619743,0.248014683,0.1743,0.6229,0.3749,0.4829,0.6042,0.3492,0.1602,0.7688,0.2886,0.6589,0.3281,0.2765,0,0.4328,0.6894,0,0.8625,0.2468,0.7495,0.2433,0.1904,0.6614,0.5902
10,10,2015,19.9704,351.3659,0,0.0062,-1.634618944,0.126291978,-1.985168191,0.131895576,-2.522831949,0.138623214,0.1197,0.6435,0.2852,0.3111,0.3524,0.2796,0.1424,0.7705,0.252,0.5638,0.3185,0.2352,0,0.228,0.3884,0,0.8295,0.2111,0.7183,0.1933,0.1692,0.2401,0.5892
10,11,2015,23.6587,337.216,0,0.0158,-1.715668805,0.133054704,-2.092398437,0.164699494,-2.673736534,0.184692462,0.1814,0.647,0.3973,0.6554,0.5018,0.3561,0.1715,0.7854,0.301,0.6048,0.2783,0.2689,0,0.2331,0.6381,0,0.8308,0.233,0.7244,0.2592,0.218,0.5462,0.562
10,12,2015,26.7378,320.7617,0,0.0243,-1.80635316,0.123401124,-2.236261307,0.160514361,-2.892047344,0.18041191,0.1182,0.6582,0.3368,0.5266,0.5531,0.2854,0.2024,0.6177,0.2175,0.632,0.3837,0.2005,0,0.2973,0.642,0,0.8737,0.2804,0.5823,0.1754,0.1481,0.3842,0.515
10,13,2015,28.132,303.9394,0,0.0278,-1.895663286,0.109385131,-2.388081124,0.14207625,-3.1263514,0.155051115,0.1506,0.6164,0.3161,0.3341,0.4831,0.2713,0.1648,0.736,0.2086,0.6272,0.2939,0.2013,0,0.1613,0.5729,0,0.8945,0.2631,0.5841,0.1284,0.142,0.4967,0.5567
10,14,2015,27.2131,287.1251,0,0.03,-1.979308157,0.096307022,-2.532922064,0.124272549,-3.346188305,0.131151063,0.2572,0.6441,0.4008,0.4869,0.5079,0.3416,0.15,0.7412,0.2437,0.6562,0.2934,0.2345,0,0.136,0.6421,0,0.9023,0.2225,0.5288,0.1775,0.1547,0.4321,0.5686
10,15,2015,25.133,276.9166,0,0.0235,-2.056655351,0.081108011,-2.668362324,0.099073323,-3.546805339,0.098133032,0.1959,0.6003,0.3842,0.5076,0.5243,0.3423,0.1322,0.7653,0.2635,0.6458,0.3845,0.222,0,0.384,0.6,0,0.8107,0.2395,0.7419,0.268,0.1823,0.5741,0.5886
10,16,2015,24.1146,222.4658,0,0.0201,-2.124633348,0.068502846,-2.782622677,0.080116057,-3.706437515,0.075367337,0.1814,0.6007,0.3664,0.4704,0.468,0.3226,0.1049,0.7534,0.2509,0.61,0.2545,0.2413,0,0.3193,0.5693,0,0.8299,0.1875,0.6724,0.2349,0.1682,0.4545,0.6037
10,17,2015,15.4291,179.3916,4.064,0.0012,-2.184163308,0.019864752,-2.879349144,0.01240835,-3.834935577,0.008693559,0,0.1662,0.0329,0.1254,0.0172,0.0309,0.0127,0.0453,0.1544,0.0555,0.055,0.038,0,0.084,0.0493,0,0.1194,0,0.0897,0.1293,0.1133,0,0.0878
10,18,2015,16.5,199.2908,0,0.005,-2.106018769,0.051827429,-2.761737632,0.045593275,-3.662981832,0.03829624,0,0.5632,0.2244,0,0.0123,0.2205,0.1029,0.4836,0.2785,0.3569,0.1654,0.2055,0,0.084,0.284,0,0.572,0.0951,0.4886,0.1257,0.1985,0.1893,0.42
10,19,2015,17.8298,207.5253,0,0.0066,-2.150400769,0.050239598,-2.815801592,0.047830146,-3.726703279,0.041235446,0,0.5221,0.2442,0,0.0101,0.2267,0.1005,0.5117,0.2648,0.3774,0.1927,0.2378,0,0,0.3044,0,0.5786,0.1765,0.5272,0,0.2037,0.1942,0.4107
10,20,2015,21.4263,210.3261,0,0.0142,-2.194502305,0.054082065,-2.873893781,0.061000523,-3.796813863,0.056646511,0.1598,0.6483,0.3817,0.4783,0.4596,0.3375,0.1243,0.6555,0.2876,0.5022,0.176,0.2204,0,0.2251,0.6542,0,0.8121,0.2356,0.5579,0.2611,0.2033,0.4903,0.4616
10,21,2015,22.4613,198.2801,0,0.0185,-2.243200027,0.049526077,-2.950090362,0.058355915,-3.89573511,0.054598065,0.156,0.6306,0.3071,0.3714,0.4615,0.27,0.1188,0.6908,0.2761,0.5426,0.2552,0.1914,0,0.2451,0.6295,0,0.749,0.2757,0.5978,0.2646,0.2033,0.4956,0.4923
10,22,2015,21.6909,192.3249,0,0.0177,-2.288940904,0.042453817,-3.025271273,0.0492204,-3.994030486,0.044798582,0.1814,0.6398,0.2911,0.4252,0.516,0.2555,0.0905,0.6697,0.2969,0.5452,0.1862,0.1974,0,0.203,0.6365,0,0.8175,0.2327,0.5957,0.2884,0.2088,0.5711,0.513
10,23,2015,21.5894,200.2211,0,0.0154,-2.329046487,0.035382701,-3.090482221,0.039502533,-4.076920581,0.034623782,0.2264,0.6173,0.255,0.3922,0.5371,0.2217,0.1216,0.6015,0.2708,0.5001,0.2326,0.2084,0,0.2705,0.4709,0,0.7472,0.1462,0.613,0.2881,0.1989,0.2718,0.471
10,24,2015,20.3509,196.474,0,0.0191,-2.363119967,0.032440613,-3.144045403,0.03789564,-4.142406373,0.033554412,0.2186,0.6084,0.3089,0.5127,0.5809,0.2711,0.125,0.6571,0.3056,0.5183,0.1337,0.1829,0,0.1825,0.6883,0,0.8509,0.1615,0.6372,0.2805,0.221,0.6893,0.4925
10,25,2015,16.3504,166.9164,1.778,0.0034,-2.39488893,0.01463274,-3.196483621,0.011668998,-4.207081763,0.008593712,0,0.4549,0.065,0,0,0.0637,0.0523,0.2925,0.1161,0.2688,0.1229,0.0825,0,0,0.1139,0,0.3959,0.0741,0.3767,0.0188,0.0766,0.0485,0.3115
10,26,2015,19.0143,176.8227,0,0.0109,-2.361986656,0.028281245,-3.145860398,0.029193979,-4.130792588,0.025284032,0.0773,0.5982,0.2779,0.3913,0.4125,0.2517,0.0856,0.5651,0.2921,0.4442,0.0929,0.1596,0,0.2448,0.5108,0,0.7065,0.185,0.545,0.2715,0.2176,0.4478,0.4838
10,27,2015,13.9754,80.5512,2.54,0.0008,-2.389637757,0.005553927,-3.186193149,0.003511724,-4.179250474,0.00254696,0,0.2801,0,0.0446,0.138,0,0.0459,0.1279,0,0.1197,0.0859,0,0,0.096,0.0082,0,0.2056,0.0632,0.2562,0.1199,0.0037,0,0.1789
10,28,2015,15.7437,152.6114,2.032,0.0057,-2.328222061,0.026445482,-3.096686716,0.023612122,-4.053488381,0.020256164,0.1402,0.4813,0.1987,0.2381,0.2209,0.1869,0.084,0.4446,0.351,0.3109,0.1406,0.1688,0,0.2434,0.2405,0,0.4592,0.1035,0.4468,0.3168,0.2793,0.153,0.4002
10,29,2015,16.8935,135.0781,0.254,0.0076,-2.301042282,0.032638419,-3.054633224,0.031110912,-3.989229108,0.028243597,0.0636,0.5588,0.2471,0.2935,0.3254,0.2224,0.09,0.5989,0.269,0.38,0.2526,0.1716,0,0.2488,0.4277,0,0.6552,0.1481,0.4913,0.3039,0.2111,0.3278,0.4271
10,30,2015,19.8774,121.1331,0,0.0115,-2.325419362,0.033325419,-3.086885056,0.034904104,-4.028424087,0.032836788,0.0623,0.5655,0.2456,0.3476,0.4023,0.2115,0.0989,0.6401,0.2083,0.4373,0.1844,0.1287,0,0,0.5464,0,0.7438,0.1814,0.5145,0.2539,0.1603,0.3468,0.411
10,31,2015,18.4502,141.4883,0.254,0.0074,-2.357435096,0.025190219,-3.134089516,0.024103827,-4.089609808,0.021518362,0.1478,0.5658,0.2046,0.3794,0.3904,0.182,0.078,0.6148,0.2856,0.3709,0.2198,0.1386,0,0.262,0.47,0,0.6842,0.1379,0.5527,0.285,0.2206,0.2925,0.4084
11,1,2015,14.9133,128.963,12.7,0.0008,-2.375240403,0.006332299,-3.157687402,0.004082897,-4.117224433,0.003215264,0.0103,0.0711,0.0101,0.0907,0.0181,0.0102,0.0133,0.0688,0.0978,0.0544,0.0723,0.0776,0,0.109,0.0329,0,0.076,0.0339,0.0849,0.1009,0.0826,0.0158,0.0998
11,2,2015,12.3396,128.0926,0.508,0.0053,-2.070618125,0.058203678,-2.727934555,0.050909118,-3.527126308,0.049422159,0.2875,0.376,0.1391,0.2462,0.1044,0.1568,0.0486,0.4694,0.4079,0.2431,0.1563,0.2392,0,0.3744,0.2341,0,0.3308,0.0911,0.3888,0.3025,0.335,0.2442,0.3703
11,3,2015,12.5969,101.5411,0,0.0074,-2.107820383,0.058723329,-2.771215006,0.0563124,-3.583743416,0.056217952,0.1954,0.4349,0.1632,0.369,0.3114,0.1936,0.081,0.5951,0.3372,0.3098,0.0833,0.2535,0,0.3376,0.3513,0,0.4191,0.1526,0.4918,0.4595,0.2834,0.3691,0.4141
11,4,2015,12.228,97.6898,0,0.0081,-2.158244177,0.053149422,-2.838451494,0.052615464,-3.675293835,0.052495208,0.2371,0.44,0.1555,0.3395,0.4775,0.1679,0.1317,0.5977,0.3298,0.3107,0.2177,0.2317,0,0,0.4478,0,0.4435,0.1892,0.5299,0.4155,0.2807,0.4621,0.407
11,5,2015,12.805,168.5048,0,0.0063,-2.205138808,0.04287087,-2.903056408,0.040220928,-3.763335575,0.038680974,0.0971,0.3762,0.0796,0.3107,0.3624,0.0626,0.0806,0.3738,0.2583,0.224,0.1319,0.1536,0,0.392,0.2414,0,0.3444,0.1481,0.4174,0.3343,0.2178,0.6201,0.3779
11,6,2015,13.6963,82.316,0,0.007,-2.24386063,0.039134052,-2.953639043,0.038082802,-3.82983707,0.036751288,0.0455,0.45,0.0984,0.3309,0.4405,0.1019,0.1222,0.609,0.302,0.2851,0.1471,0.1653,0,0.346,0.4603,0,0.533,0.2467,0.5307,0.373,0.2399,0,0.4154
11,7,2015,13.1007,75.1708,0,0.0059,-2.279924115,0.032545566,-3.002513881,0.030916306,-3.894336027,0.029210409,0.1141,0.3995,0.113,0.2913,0.4141,0.1252,0.1336,0.6421,0.2588,0.2818,0.1563,0.1566,0,0.0867,0.4195,0,0.446,0.2623,0.5223,0.3546,0.2011,0.2665,0.463
11,8,2015,9.7681,93.5752,23.368,0.0008,-2.310448684,0.009201045,-3.042908897,0.006037371,-3.946535248,0.005051535,0,0.1086,0.0166,0.0393,0.0135,0.0207,0.0278,0.1033,0.1338,0.0829,0.0729,0.0538,0,0.028,0.0219,0,0.0765,0.0377,0.1131,0.0376,0.1203,0.3483,0.1475
11,9,2015,6.1379,147.2899,13.208,0.0004,-1.800770543,0.023979287,-2.335584979,0.013191879,-2.985734763,0.011470135,0,0,0.0021,0.0393,0.0135,0,0,0,0,0.0043,0,0,0,0.028,0,0,0.0083,0,0,0.0376,0,0.2976,0.0103
11,10,2015,8.1125,169.0105,0,0.0016,-1.583865666,0.085093046,-2.031378886,0.060051192,-2.576706122,0.056859504,0.2096,0.2746,0.051,0.1385,0.1291,0.0603,0.0867,0.3614,0.413,0.2009,0.0938,0.0989,0,0.3304,0.1479,0,0.2106,0.2111,0.3219,0.3672,0.3565,0.1214,0.3462
11,11,2015,9.9182,58.0547,0.254,0.0035,-1.63593214,0.109619122,-2.080710193,0.093593581,-2.638895479,0.094240216,0.0795,0.257,0.1208,0.2044,0.3502,0.1316,0.044,0.3769,0.4425,0.1527,0.2344,0.1287,0,0.54,0.2146,0,0.1709,0.0462,0.286,0.556,0.3772,0.2644,0.2712
11,12,2015,10.7257,57.2269,0,0.0029,-1.701561976,0.093430877,-2.154505352,0.077270271,-2.737991799,0.07612564,0.1271,0.2763,0.152,0.2661,0.278,0.1669,0.1299,0.4975,0.4407,0.1858,0.1997,0.0836,0,0.3032,0.1951,0,0.2253,0.4416,0.3274,0.5485,0.3567,0.168,0.3457
11,13,2015,12.5018,52.3978,0,0.0038,-1.764023176,0.0926753,-2.222943018,0.082725122,-2.828029587,0.083024805,0.2698,0.3084,0.2225,0.3438,0.3106,0.239,0.2422,0.5769,0.5468,0.2399,0.0469,0.1616,0,0.722,0.344,0,0.3731,0.5624,0.3815,0.7227,0.4656,0.2559,0.4035
11,14,2015,11.7578,113.0721,0.254,0.003,-1.828726765,0.076809192,-2.299135244,0.066000625,-2.930324919,0.064572467,0.1168,0.1658,0.1021,0.275,0.2451,0.0964,0.244,0.3264,0.3756,0.1261,0.1146,0.1119,0,0.564,0.1411,0,0.2195,0.45,0.3819,0.5724,0.3293,0.4021,0.3248
11,15,2015,6.71,106.0627,34.798,0.0025,-1.879438986,0.065900433,-2.355507246,0.055727062,-3.004022725,0.053723645,0.1622,0.0772,0.0679,0.2212,0.1587,0.0641,0.0864,0.1108,0.3688,0.101,0.1094,0.0827,0,0.412,0.0524,0,0.0718,0.1645,0.1942,0.6777,0.3189,0.1807,0.1779
11,16,2015,8.8445,139.4636,0,0.005,-1.347165745,0.167934625,-1.656551363,0.160403176,-2.074828753,0.169782297,0.1782,0.1395,0.1016,0.3482,0.3841,0.1025,0.1788,0.2177,0.4908,0.0726,0,0.224,0,0.7328,0.1811,0,0.1302,0.4299,0.2816,0.7596,0.4262,0.1916,0.1797
11,17,2015,11.518,107.6822,0.254,0.0012,-1.433254923,0.081721133,-1.762006517,0.058708033,-2.221807045,0.055098434,0.0034,0.0638,0.0113,0.0643,0.0499,0.014,0.0986,0.0924,0.087,0.0549,0.0677,0.0016,0,0.112,0.011,0,0.0644,0.1967,0.1651,0.1752,0.078,0.0967,0.0701
11,18,2015,11.7946,45.0884,1.524,0.0016,-1.473741282,0.094887796,-1.797787892,0.072535615,-2.265803534,0.069382465,0.0687,0.1105,0.1594,0.1579,0.0994,0.213,0.3093,0.3588,0.5138,0.1208,0.0898,0.0877,0,0.3947,0.087,0,0.1481,0.6228,0.319,0.711,0.4235,0.1544,0.1806
11,19,2015,13.1583,55.1358,0,0.0038,-1.503555152,0.130035688,-1.819745497,0.120191177,-2.291871131,0.122762754,0.1031,0.0992,0.2333,0.4536,0.2264,0.3127,0.356,0.4235,0.6068,0.0853,0.013,0.1876,0,0.524,0.2503,0,0.1745,0.7004,0.3881,0.7666,0.4971,0.1544,0.199
11,20,2015,13.885,46.0872,0,0.0028,-1.579045401,0.106740505,-1.907446329,0.09351546,-2.410366516,0.09256238,0.1323,0.0796,0.3069,0.4454,0.1897,0.392,0.4967,0.4451,0.6599,0.0736,0.0313,0.2063,0,0.564,0.2654,0,0.2304,0.8204,0.4226,0.8006,0.5424,0.3008,0.1966
11,21,2015,13.2257,82.0074,0,0.0025,-1.644443269,0.093754439,-1.979219854,0.081696451,-2.504611789,0.079932918,0.1125,0.0541,0.2218,0.3509,0.19,0.3012,0.5191,0.3707,0.623,0.0821,0,0.148,0,0.756,0.2144,0,0.1971,0.8123,0.4168,0.6656,0.5145,0.2084,0.1167
11,22,2015,12.4359,68.5804,0.254,0.0027,-1.704591553,0.088418524,-2.044598154,0.07984382,-2.589587858,0.078390291,0.1821,0.0257,0.2633,0.3708,0.2325,0.3405,0.6187,0.4856,0.636,0.0652,0,0.1934,0,0.66,0.3112,0,0.2159,0.8199,0.4264,0.6095,0.5261,0.2518,0.1099
11,23,2015,10.4296,35.706,0,0.0031,-1.75905996,0.08279437,-2.105187875,0.077206763,-2.668554516,0.075988236,0.1947,0.0121,0.2656,0.511,0.3074,0.3572,0.5813,0.292,0.5755,0.0564,0.0365,0.2528,0,0.4744,0.2866,0,0.179,0.8051,0.4167,0.7497,0.4615,0.277,0.0704
11,24,2015,4.9305,93.3664,20.828,0.0007,-1.816534416,0.036015234,-2.171682023,0.026669596,-2.755680468,0.024120589,0.047,0,0.0186,0.0778,0.0191,0.0423,0.0421,0.0189,0.0958,0.0159,0.0208,0.0182,0,0.2032,0,0,0.006,0.0648,0.0051,0.2291,0.0867,0.2625,0.0251
11,25,2015,4.7534,52.5297,0,0.0011,-1.48440901,0.077120354,-1.755291419,0.058588025,-2.202075659,0.055372999,0.1145,0,0.1203,0.1496,0.1004,0.1641,0.1505,0.0983,0.4447,0.0037,0,0.1134,0,0.584,0.0721,0,0,0.2626,0.0043,0.5893,0.3652,0.1537,0.0166
11,26,2015,4.8651,38.8479,0,0.0014,-1.527962307,0.07971176,-1.795626823,0.062913152,-2.252159407,0.059977205,0.1226,0.0018,0.0982,0.1196,0.1536,0.1297,0.0844,0.0217,0.3534,0,0,0.1143,0,0.5408,0.1444,0,0,0.1419,0,0.5292,0.272,0.0673,0.1093
11,27,2015,4.3041,37.5093,0.254,0.0033,-1.574606649,0.112186838,-1.840189401,0.106571048,-2.307963526,0.107797833,0.0473,0.0036,0.1109,0.0832,0.2449,0.1136,0.1932,0.2038,0.3513,0.0084,0.0313,0.0525,0,0.405,0.224,0,0.1017,0.5625,0.2331,0.6061,0.2736,0.1601,0.2217
11,28,2015,3.1221,35.7109,0,0.0034,-1.638878452,0.102473713,-1.913553263,0.098747875,-2.405655069,0.099414653,0,0.0123,0.1157,0.1768,0.1871,0.0897,0.2338,0.1914,0.2498,0.0103,0,0.0145,0,0.3656,0.1805,0,0.0674,0.4434,0.0973,0.4499,0.193,0.215,0.0669
11,29,2015,3.093,33.9542,0,0.0032,-1.70448475,0.090082257,-1.989731714,0.08678439,-2.506812417,0.086419866,0,0,0.1523,0.2307,0.1211,0.0945,0.1509,0.1445,0.2093,0,0,0.0126,0,0.384,0.1569,0,0.0227,0.245,0.0388,0.4147,0.1436,0.686,0.0164
11,30,2015,6.0748,107.9673,0.254,0.0008,-1.764785012,0.041495393,-2.059713542,0.032275481,-2.598933572,0.02965684,0.067,0,0.0079,0.0348,0.0522,0.0135,0.0805,0.0078,0.0676,0,0,0.0118,0,0,0.0228,0,0.0071,0.1286,0.03,0.1992,0.057,0.0932,0
12,1,2015,7.9976,98.2239,1.524,0.0015,-1.788629416,0.060404325,-2.080740606,0.053513285,-2.623875657,0.051010095,0.1054,0,0.0875,0.2031,0.1607,0.0865,0.1692,0.0325,0.2452,0.0007,0,0.0632,0,0.1693,0.0772,0,0.0278,0.4044,0.0849,0.4106,0.2081,0.0897,0
12,2,2015,9.7156,58.5171,16.256,0.0004,-1.801925524,0.021881721,-2.090908704,0.016131951,-2.634547736,0.014525833,0,0,0,0,0,0,0,0,0,0.003,0,0,0,0,0,0,0,0,0,0,0,0.1064,0
12,3,2015,9.1365,43.4382,53.848,0.0004,-1.534905671,0.032280139,-1.768483846,0.023236543,-2.209218391,0.021302011,0,0,0.0031,0.019,0,0.0189,0.0019,0,0.0402,0.0015,0,0,0,0.014,0,0,0.0146,0,0,0.0217,0.0314,0,0
12,4,2015,8.0866,91.478,4.572,0.0004,-0.921431332,0.039375701,-1.043400799,0.03199215,-1.272668744,0.030432632,0,0.0282,0.0216,0.0202,0,0.0161,0.021,0.3795,0.0755,0,0,0.011,0,0,0,0,0,0.0406,0,0.1893,0.043,0.2018,0
12,5,2015,7.8978,98.9419,10.16,0.0005,-0.895418781,0.054742795,-1.010618157,0.044466601,-1.230370702,0.042521087,0.0286,0,0.1035,0.0054,0.0471,0.0836,0.116,0.0239,0.5099,0.0033,0,0.0758,0,0.6907,0.0521,0,0.0143,0.1864,0.0485,0.6317,0.4177,0.3042,0
12,6,2015,11.845,77.6702,31.242,0.0005,-0.831601587,0.048560316,-0.933600271,0.040254456,-1.132171632,0.038588796,0,0.0432,0.003,0.0326,0,0.0072,0.0134,0,0.1396,0.0004,0,0,0,0.0987,0,0,0.0002,0.0181,0,0.1509,0.1207,0.3395,0
12,7,2015,10.9124,45.1484,11.176,0.0004,-0.642171096,0.044312493,-0.714699102,0.03859403,-0.857243959,0.037364493,0.0034,0,0.0071,0.0232,0,0.0034,0.072,0.0032,0.0841,0.0031,0,0,0,0.128,0,0,0.0058,0.1281,0.0045,0.0708,0.0527,0.3668,0
12,8,2015,13.7733,82.241,10.922,0.0005,-0.592257578,0.053062927,-0.656791417,0.046487684,-0.784979227,0.045167862,0.0155,0,0,0.0248,0,0,0.0097,0,0,0.0018,0,0,0,0,0,0,0,0.0162,0,0,0,0.0739,0
12,9,2015,12.5059,105.8456,56.896,0.0005,-0.549558529,0.054924712,-0.607229952,0.048533731,-0.723346833,0.047269161,0.053,0,0.014,0.0665,0.0062,0.0275,0.0344,0,0.1587,0.0042,0,0.0142,0,0.352,0,0,0.0085,0.051,0,0.2498,0.1476,0.2865,0
12,10,2015,7.5805,45.6047,70.358,0.0004,-0.355856194,0.042536961,-0.389144808,0.039420716,-0.456286793,0.038734867,0.0393,0.0024,0.0095,0.0284,0,0.022,0.038,0.0369,0.0574,0.0032,0.0156,0.011,0,0.006,0,0,0.0367,0.0298,0,0.0616,0.0585,0.2339,0
12,11,2015,6.5993,80.2576,14.732,0.0003,-0.216822178,0.033942866,-0.234869842,0.032391922,-0.271023365,0.032037603,0.0481,0,0,0.0183,0.0056,0.0017,0.0125,0,0,0,0,0,0,0,0,0,0,0.0288,0,0.0376,0.0073,0.303,0
12,12,2015,6.5807,69.6673,11.684,0.0003,-0.197866017,0.031485466,-0.213932952,0.030179764,-0.246165228,0.029877384,0.0229,0,0,0.0143,0,0,0.0125,0,0,0,0,0,0,0,0,0,0,0.0292,0,0,0,0.3076,0
12,13,2015,4.3238,64.7135,51.562,0.0003,-0.184443201,0.03214942,-0.199132422,0.030869372,-0.228643894,0.030577976,0,0,0,0.0083,0,0.0017,0,0,0,0.0089,0,0.0016,0,0.016,0,0,0.0061,0.0234,0,0.0318,0,0.2647,0
12,14,2015,5.8253,97.6018,1.524,0.0021,-0.133531668,0.232579596,-0.143415464,0.202970842,-0.163171083,0.20410429,0.2291,0.0416,0.0975,0.1352,0.0981,0.1418,0.0926,0.1412,0.5396,0.0015,0.0156,0.1326,0,0.511,0.0368,0,0.0094,0.198,0.0211,0.6996,0.4538,0.1865,0.0651
12,15,2015,4.1101,32.7451,0.254,0.0006,-0.139528492,0.056472178,-0.148917882,0.053894404,-0.169648632,0.053459541,0.071,0.0041,0.1113,0.0586,0.1041,0.1546,0.1829,0,0.4298,0,0,0.0683,0,0.632,0.0607,0,0.0294,0.3983,0.0176,0.6238,0.3545,0.1946,0
12,16,2015,6.0696,56.9163,0,0.0013,-0.1411359,0.150847424,-0.150565576,0.13626389,-0.171558685,0.135567012,0.2417,0.0254,0.1523,0.1121,0.1971,0.2212,0.3153,0,0.4398,0,0,0.1151,0,0.56,0.1084,0,0.0371,0.5695,0.0652,0.543,0.3673,0.3061,0.0306
12,17,2015,9.1277,69.6568,26.67,0.0003,-0.146165349,0.040059141,-0.155467906,0.038529255,-0.177268409,0.038221034,0,0.0021,0,0,0,0,0.0056,0,0,0,0,0,0,0,0,0,0,0,0,0,0,0.2058,0
12,18,2015,8.283,48.1405,42.164,0.0003,-0.124965261,0.038428887,-0.132612763,0.037109841,-0.150557048,0.036846581,0.006,0.0276,0.0016,0.0089,0,0,0,0,0,0,0,0,0,0,0,0,0,0,0,0,0,0.2063,0
12,19,2015,6.1322,91.3306,4.572,0.0007,-0.097977561,0.086159091,-0.10364335,0.081340008,-0.116921498,0.080778642,0.1088,0.0364,0.1257,0.0725,0.0783,0.1292,0.1516,0,0.4404,0,0,0.089,0,0.194,0.0425,0,0.0521,0.1952,0,0.4312,0.365,0.3113,0.0024
12,20,2015,6.3024,66.3428,37.592,0.0003,-0.097184481,0.030319146,-0.102687442,0.029521417,-0.115801977,0.029354753,0.0095,0.0065,0,0.0018,0,0,0,0,0,0,0,0,0,0,0,0,0,0,0,0,0,0.3219,0
12,21,2015,11.2285,16.7568,138.176,0.0004,-0.078961535,0.018612054,-0.083227372,0.018279017,-0.093375407,0.018201463,0,0.0058,0,0,0,0,0,0,0,0,0,0,0,0,0,0,0,0,0,0,0,0.1566,0
12,22,2015,9.2868,86.0398,71.882,0.0005,-0.03874168,0.056468185,-0.040541347,0.054667105,-0.04476796,0.054412608,0.027,0.02,0.0081,0,0,0.0017,0.0354,0,0.01,0,0,0,0,0,0,0,0.0054,0.0267,0,0.0145,0.0165,0,0
12,23,2015,5.6905,58.1143,5.08,0.0018,-0.027980612,0.204881406,-0.029185909,0.183314753,-0.032018651,0.183480797,0.1474,0.0903,0.1564,0.0988,0.0755,0.1177,0.2603,0,0.5001,0,0,0.0697,0,0.3624,0.0288,0,0.0224,0.2662,0.0209,0.5458,0.4087,0.1369,0.0018
12,24,2015,2.1936,63.8138,23.876,0.0002,-0.028294614,0.01934203,-0.029409535,0.019107382,-0.032269603,0.019061337,0.0229,0.0214,0.0021,0.0071,0,0,0.0176,0,0,0,0,0,0,0,0,0,0.0067,0,0,0,0,0.1645,0
12,25,2015,3.118,56.5263,2.286,0.0005,-0.025509727,0.060594101,-0.026492375,0.058641746,-0.029011148,0.058383874,0.0286,0.0118,0.1042,0,0.0084,0.0786,0.0545,0,0.2962,0,0,0.0443,0,0.012,0,0,0,0.0362,0,0.2988,0.2416,0.0976,0
12,26,2015,1.7658,34.3052,0.254,0.0005,-0.02550378,0.051143154,-0.026477653,0.049755734,-0.028993472,0.049556448,0.0126,0.0239,0.1441,0.0202,0.0011,0.1093,0.1212,0,0.3469,0,0,0.0414,0,0.132,0.0186,0,0.206,0.1179,0.0032,0.4079,0.275,0.0871,0
12,27,2015,2.006,64.3333,7.112,0.0002,-0.025688687,0.024816708,-0.02666501,0.024458462,-0.029201507,0.024393016,0.012,0.0115,0.0153,0,0,0.0068,0.0468,0,0.051,0.0037,0.0208,0,0,0,0,0,0.0017,0.0796,0.0064,0.0443,0.0272,0.2533,0
12,28,2015,5.6243,78.2472,0.254,0.0016,-0.02499455,0.180861573,-0.025937556,0.163830195,-0.028389885,0.163592745,0.0727,0.0347,0.1262,0,0.0544,0.0922,0.0638,0,0.2397,0,0,0.0326,0,0.2627,0.0137,0,0.6757,0.035,0,0.3318,0.1739,0.1198,0.0066
12,29,2015,3.7453,32.0617,0,0.0008,-0.025713149,0.073266717,-0.026614307,0.070453888,-0.029143464,0.070123127,0.0971,0.0564,0.1899,0.075,0.1107,0.1694,0.1595,0,0.3653,0,0,0.0925,0,0.165,0.1023,0,0.1653,0.4345,0.0443,0.5055,0.2891,0.1583,0.0376
12,30,2015,5.016,52.5626,3.048,0.0003,-0.026023214,0.03650593,-0.026925024,0.035769965,-0.029488477,0.03564954,0.0172,0.0066,0.0473,0,0.0112,0.0421,0.0275,0,0.1431,0,0,0.0434,0,0,0.0037,0,0,0.0332,0.0011,0.284,0.1328,0.1069,0
12,31,2015,2.8268,32.5332,0,0.0002,-0.02582721,0.021867472,-0.02671758,0.021585541,-0.029256456,0.021532404,0.0223,0.0251,0.1159,0,0.0253,0.1034,0.1045,0,0.255,0,0,0.0503,0,0.14,0.042,0,0.111,0.1023,0,0.3049,0.1993,0.1425,0
1,1,2016,0.9997,32.1722,0,0.0008,-0.025919777,0.073302901,-0.026812759,0.070486243,-0.02936237,0.070155054,0.0962,0.0665,0.184,0.0036,0.0379,0.1359,0.1065,0,0.2562,0,0,0.0367,0,0.2,0.0899,0,0.0006,0.0983,0.0155,0.4191,0.1963,0.1768,0
1,2,2016,2.6669,116.5609,0.254,0.0005,-0.026233004,0.061787938,-0.027126415,0.059754548,-0.029710669,0.05948855,0,0.0186,0.1201,0.025,0.0266,0.0245,0.05,0,0.1713,0.0011,0.0352,0,0,0.036,0.0557,0,0.001,0.0898,0.0125,0.2442,0.1252,0.1834,0
1,3,2016,8.0937,61.3263,8.89,0.0005,-0.026470567,0.058470907,-0.027364553,0.056643484,-0.029975064,0.056397093,0.0189,0.002,0.0414,0.0179,0.0474,0.0522,0.0113,0,0.1174,0,0,0.0283,0,0.068,0.0188,0,0,0.0139,0.0011,0.1337,0.0849,0.1135,0
1,4,2016,8.6919,77.3019,26.67,0.0005,-0.025689681,0.05424891,-0.026543923,0.052675609,-0.02905839,0.052455782,0.0241,0.0028,0.1012,0.0371,0.0232,0.0942,0.02,0,0.3567,0,0,0.0625,0,0.118,0.0384,0,0,0.0363,0,0.3337,0.3006,0.0783,0
1,5,2016,8.0383,96.2614,28.956,0.0003,-0.023056297,0.039474974,-0.023799889,0.038635843,-0.026001129,0.038503389,0,0.0018,0.0103,0,0,0.0123,0.0148,0,0.0715,0,0,0,0,0,0,0,0,0.0273,0,0.0376,0.0676,0.1893,0
1,6,2016,5.0948,55.4004,37.592,0.0002,-0.020493924,0.027413209,-0.021136095,0.027000708,-0.023041208,0.026928834,0.0183,0.0024,0,0,0,0,0.0188,0,0,0,0,0,0,0,0,0,0,0,0,0,0,0.1934,0
1,7,2016,6.721,95.5274,3.556,0.0003,-0.017596205,0.036438947,-0.018129243,0.035743511,-0.019710144,0.035632767,0.0137,0.0044,0.0319,0,0.0135,0.0165,0.0689,0,0.1585,0,0,0,0,0,0,0,0,0.0441,0,0.2001,0.1109,0.0299,0
1,8,2016,6.6465,76.832,5.588,0.0003,-0.017437301,0.033438351,-0.017962633,0.032849866,-0.019525572,0.032753787,0.0093,0.0069,0,0,0,0,0.0477,0,0,0,0,0,0,0,0,0,0,0.033,0,0,0,0.1826,0
1,9,2016,8.0205,71.2126,12.7,0.0003,-0.017129563,0.036924347,-0.017642147,0.036212916,-0.019171001,0.036100262,0.0166,0,0,0,0,0,0.0385,0,0,0,0,0,0,0.008,0,0,0,0.0186,0,0,0,0.221,0
1,10,2016,7.1971,42.8571,0,0.0004,-0.016358571,0.042984668,-0.016841628,0.042037423,-0.018286334,0.041895133,0.0473,0.0219,0.1605,0.0679,0.064,0.1581,0.2049,0,0.6197,0,0,0.0629,0,0.544,0.0267,0,0,0.2497,0.0251,0.4665,0.4896,0.1135,0
1,11,2016,10.0748,81.241,4.572,0.0004,-0.016463744,0.044169558,-0.016948145,0.043164033,-0.018403555,0.043014445,0.0223,0.0022,0,0,0,0,0.012,0,0,0,0,0,0,0,0,0,0,0,0,0,0,0.0959,0
1,12,2016,11.6482,76.0879,22.098,0.0017,-0.016268949,0.188981062,-0.016743916,0.170692307,-0.018177641,0.170565941,0.2005,0.0047,0,0.1772,0.1403,0.3113,0.18,0,0.7532,0,0,0.16,0,0.4888,0.1148,0,0.0122,0.2298,0.0233,0.8089,0.634,0.0396,0
1,13,2016,7.1475,91.9467,33.528,0.0005,-0.01531038,0.056849576,-0.015709238,0.05520254,-0.017035782,0.054982815,0.0234,0,0,0,0.0022,0.0186,0.0264,0,0.056,0,0,0,0,0.108,0.0192,0,0,0.0397,0,0.0715,0.0612,0.0818,0
1,14,2016,5.888,20.3071,22.098,0.0002,-0.013527806,0.013594991,-0.01386801,0.013491661,-0.015007748,0.01347167,0,0,0,0,0,0,0,0,0.0626,0,0,0,0,0.044,0,0,0,0.0012,0,0.0491,0.0375,0.1741,0
1,15,2016,7.7163,99.5705,9.652,0.0005,-0.012446933,0.059797964,-0.012754415,0.057997862,-0.013783993,0.057765011,0.0515,0.0285,0,0.0506,0.0307,0.1164,0.1461,0,0.5064,0,0,0.0723,0,0.34,0.0329,0,0.0042,0.2796,0.0321,0.4335,0.411,0.2744,0
1,16,2016,11.5561,113.0289,15.748,0.0007,-0.012098498,0.074558947,-0.01239248,0.071752144,-0.013386258,0.071433565,0.0756,0.026,0,0.0744,0.0423,0.1328,0.1304,0,0.5022,0,0,0.0932,0,0.32,0.0539,0,0,0.2155,0,0.5308,0.4022,0,0
1,17,2016,12.0324,14.8527,107.95,0.0004,-0.01151804,0.016689917,-0.011790469,0.016542917,-0.012725389,0.016515776,0.0382,0.0091,0,0,0,0,0,0,0,0,0,0,0,0,0,0,0,0,0,0,0,0,0
1,18,2016,11.1542,58.6049,3.556,0.0005,-0.007812944,0.051988263,-0.007983331,0.050658296,-0.008565827,0.050476485,0.0588,0.0212,0,0,0,0.0169,0.0363,0,0.0903,0,0,0.022,0,0,0,0,0,0.0512,0,0.1069,0.0721,0.1098,0
1,19,2016,10.2759,102.3571,32.258,0.0005,-0.007768554,0.057617207,-0.007936417,0.055980448,-0.008514561,0.055766701,0.0848,0.0031,0,0.0262,0.0062,0.0328,0,0,0.1852,0,0,0.0016,0,0.078,0,0,0,0.0485,0,0.144,0.1444,0.2876,0
1,20,2016,9.482,129.7652,0.254,0.0007,-0.00700443,0.076292787,-0.007151104,0.073403914,-0.00766041,0.073083308,0.1012,0.0414,0,0.0564,0.0547,0.055,0.1759,0,0.2968,0,0,0.0208,0,0.308,0,0,0.004,0.2971,0.0154,0.3555,0.2381,0.113,0.0048
1,21,2016,12.19,120.9632,5.08,0.004,-0.007065667,0.351752542,-0.007211262,0.312811523,-0.007725452,0.323506345,0.664,0.0087,0,0.5587,0.3321,0.6261,0.4741,0,0.882,0.0022,0,0.3401,0,0.847,0.2528,0,0.0409,0.6271,0.0958,0.9928,0.8284,0.0818,0
1,22,2016,11.6743,134.8224,27.686,0.0012,-0.00725852,0.138519044,-0.007372462,0.128747212,-0.007911484,0.128241672,0.1749,0.0072,0,0.161,0.1134,0.3063,0.1407,0,0.6449,0,0,0.1842,0,0.6787,0.097,0,0.0058,0.1879,0.015,0.5356,0.6558,0.2137,0
1,23,2016,7.8795,97.9235,34.544,0.0004,-0.006722412,0.052786054,-0.006817975,0.051422502,-0.007307763,0.051237616,0.0588,0.0213,0,0,0,0.0089,0,0,0,0,0,0.0031,0,0,0,0,0,0.0644,0,0,0,0,0
1,24,2016,8.4229,148.9605,11.176,0.0012,-0.006030046,0.14110657,-0.006112854,0.130989356,-0.006541762,0.130489313,0.1348,0.0082,0,0.1199,0.0978,0.1337,0.2973,0,0.5014,0.0067,0,0.0934,0,0.222,0.0397,0,0.0267,0.4783,0.0329,0.5784,0.409,0.0748,0
1,25,2016,11.3217,121.392,3.048,0.0005,-0.005912628,0.061899242,-0.005986141,0.060021314,-0.006403898,0.059785254,0.0542,0.0033,0,0.0339,0.0112,0.0041,0.0102,0,0.0562,0,0,0.0047,0,0.03,0,0,0,0.082,0,0.067,0.0428,0.3668,0
1,26,2016,12.8667,135.2592,0.254,0.0007,-0.005897764,0.074740207,-0.005969694,0.071980585,-0.006385875,0.07167026,0.0625,0.0177,0,0,0.0513,0.1053,0.2212,0,0.34,0.0052,0,0.0613,0,0,0.0137,0,0.0127,0.4032,0.0329,0.2972,0.2587,0.0422,0.074
1,27,2016,12.5296,82.2911,0,0.002,-0.00594642,0.212801699,-0.006017048,0.19029745,-0.006436988,0.190605717,0.1863,0.0144,0,0.2471,0.1861,0.5007,0.4284,0,0.5954,0,0,0.2392,0,0.722,0.2134,0,0.0301,0.58,0.0652,0.5936,0.5664,0.1055,0.0651
1,28,2016,11.4076,89.2215,19.304,0.0004,-0.006102189,0.042142525,-0.00615811,0.04127978,-0.006590269,0.041152869,0.0137,0.0073,0,0,0,0.0034,0.0138,0,0,0,0,0,0,0,0,0,0,0.0906,0.0036,0,0,0.2243,0
1,29,2016,8.5141,67.1555,72.644,0.0003,-0.005756441,0.038333823,-0.005807961,0.037622396,-0.006210413,0.037514785,0.0223,0.0118,0,0,0,0.0076,0.0049,0,0,0.0007,0.0243,0,0,0,0,0,0,0.029,0,0,0,0.1966,0
1,30,2016,7.002,156.6757,2.286,0.0017,-0.004585964,0.200812964,-0.00462476,0.180633016,-0.004930035,0.180691085,0.1772,0.0107,0,0.1885,0.1278,0.1517,0.2457,0,0.5099,0.0033,0.0339,0.1153,0,0.455,0.0438,0,0.0321,0.3696,0.0192,0.5123,0.4335,0.0927,0.0099
1,31,2016,5.7977,108.1777,0,0.0039,-0.004659826,0.359067013,-0.004688437,0.320912033,-0.004998849,0.332876067,0.3429,0.017,0,0.3571,0.1939,0.3128,0.2644,0,0.6239,0,0,0.228,0,0.6944,0.1139,0,0.2331,0.3774,0.0178,0.7436,0.5176,0.0026,0.0251
2,1,2016,6.5904,144.5955,0,0.0037,-0.004857667,0.348745874,-0.004866091,0.309497452,-0.005198143,0.319609882,0.3456,0.0066,0,0.3248,0.2408,0.3926,0.1525,0,0.6198,0,0,0.3173,0,0.59,0.175,0,0.0481,0.3293,0.0241,0.755,0.5143,0,0.0206
2,2,2016,6.5786,150.8746,4.826,0.0013,-0.005059582,0.155255758,-0.005045158,0.143020395,-0.005398564,0.1425685,0.0997,0.0191,0,0.1246,0.1188,0.2452,0.2241,0,0.5164,0,0,0.1878,0,0.4733,0.09,0,0.0246,0.2769,0.0275,0.5726,0.4301,0.2243,0.0474
2,3,2016,7.0122,59.3278,13.462,0.0012,-0.005074035,0.144510994,-0.005052308,0.133917519,-0.005406031,0.133425525,0.2405,0.0031,0,0.1722,0.1666,0.1476,0.236,0,0.3646,0.0015,0,0.1048,0,0.4187,0.0563,0,0.01,0.3057,0.0162,0.5047,0.3106,0.159,0.0024
2,4,2016,10.0913,158.8178,0.254,0.0012,-0.004944644,0.137721628,-0.004917505,0.12811076,-0.005259511,0.127605996,0.0756,0.0092,0,0.1701,0.1075,0.2094,0.151,0,0.5434,0,0,0.1326,0,0.171,0.0416,0,0.0075,0.3503,0.0032,0.5005,0.4664,0.1029,0.2107
2,5,2016,10.4302,172.2664,0,0.0019,-0.005020847,0.210755774,-0.004987596,0.188674998,-0.005335202,0.188934327,0.2089,0.0106,0,0.3007,0.2376,0.3008,0.314,0,0.5608,0.0022,0,0.1533,0,0.5893,0.1112,0,0.1152,0.5703,0.0267,0.4636,0.5603,0.0818,0.1355
2,6,2016,13.3409,185.1662,0,0.0041,-0.0051466,0.355606661,-0.005099099,0.317015576,-0.005456319,0.328340244,0.3402,0.0341,0,0.4048,0.3671,0.5337,0.5247,0,0.5533,0,0,0.3183,0,0.5488,0.3058,0,0.2186,0.7632,0.1022,0.6298,0.4685,0.2691,0.3325
2,7,2016,15.6478,153.0246,0.254,0.0063,-0.005367494,0.408790597,-0.005293288,0.388875522,-0.005674778,0.416571159,0.3929,0.0173,0,0.8643,0.4498,0.4378,0.5012,0,0.5548,0,0,0.526,0,0.4213,0.512,0,0.1514,0.7948,0.117,0.6905,0.454,0.1557,0
2,8,2016,15.8744,162.3734,0,0.0077,-0.005631043,0.42551979,-0.005539238,0.419020682,-0.005962314,0.456569728,0.4875,0.0185,0,0.6235,0.4714,0.7924,0.5706,0,0,0,0,0.6397,0,0.2968,0.6908,0,0.1825,0.7894,0.133,0.8598,0.9762,0.3474,0
2,9,2016,15.0874,211.6701,0,0.006,-0.005927258,0.403698428,-0.005825047,0.380702703,-0.006303703,0.406069313,0.4256,0.0163,0,0.5161,0.3942,0.5706,0.6302,0,0.8426,0.0347,0,0.593,0,0.628,0.4986,0,0.1758,0.9058,0.1296,0.7997,0.8227,0.7458,0
2,10,2016,14.6263,202.0445,0,0.0066,-0.006225792,0.415083404,-0.006100243,0.399782765,-0.006627279,0.430850937,0.3637,0.0347,0,0.5577,0.4701,0.5876,0.68,0,0.1233,0.0044,0,0.6263,0,0.224,0.5155,0,0.1302,0.7831,0.1071,0.6059,0.6862,0.4538,0
2,11,2016,15.2852,184.5494,0,0.0077,-0.00655183,0.426478937,-0.006406265,0.421116729,-0.006992734,0.45946125,0.4553,0,0,0.5397,0.5095,0.3232,0.7498,0,0.76,0.0015,0,0.5617,0,0.335,0.489,0,0.1913,0.8647,0.1187,0.7856,0.6755,0.8391,0
2,12,2016,15.0455,202.0661,0.254,0.0037,-0.006908478,0.339496792,-0.00674884,0.299828741,-0.007409542,0.308556037,0.2852,0,0,0.4253,0.3377,0.5102,0.6512,0,0.8497,0,0,0.3479,0,0.3267,0.2336,0,0.0987,0.7059,0.087,0.7673,0.7683,0.2309,0
2,13,2016,14.2204,242.0462,0,0.0068,-0.007202937,0.417217506,-0.007000194,0.403773773,-0.007699512,0.436163402,0.5623,0.0047,0,0.4675,0.4921,0.6258,0.6765,0,0.6141,0,0,0.5739,0,0.375,0.413,0,0.1493,0.8205,0.125,0.6467,0.5314,0.3793,0
2,14,2016,18.5876,210.762,0,0.0085,-0.007593968,0.430894376,-0.007365391,0.430329955,-0.008143323,0.472174324,0.6469,0,0,0.5891,0.4826,0.7646,0.7111,0,0.891,0.0037,0,0.6244,0,0.576,0.4149,0,0.1143,0.8805,0.0995,0.8988,0.894,0.3483,0
2,15,2016,18.37,221.4003,0,0.0104,-0.008024972,0.443117197,-0.007780173,0.457849607,-0.008658988,0.511119039,0.5286,0.0009,0,0.3536,0.5525,0.5275,0.7146,0,0.6281,0.0081,0,0.6283,0,0.5427,0.5373,0,0.3833,0.7625,0.1604,0.7722,0.5265,0.2157,0
2,16,2016,17.5196,262.3376,0,0.0082,-0.008499303,0.429521754,-0.008252772,0.42771191,-0.009262189,0.468591479,0.5447,0.0147,0,0.6158,0.545,0.5592,0.649,0,0.7892,0,0,0.7429,0,0.498,0.5606,0,0.165,0.936,0.0959,0.8145,0.6938,0.3925,0
2,17,2016,11.1981,46.3173,26.924,0.0015,-0.008991665,0.177012141,-0.008725822,0.161068012,-0.009860173,0.160770511,0.3299,0.0082,0,0.2887,0.1346,0.2724,0.158,0,0.4512,0.0068,0.0052,0.2259,0,0.2296,0.109,0,0.0313,0.2406,0.0251,0.5737,0.4193,0.3298,0
2,18,2016,8.9801,164.8958,20.574,0.0005,-0.008363285,0.058950208,-0.008102886,0.057235289,-0.009138917,0.057009714,0.0223,0,0,0.0717,0.0241,0.0495,0.0236,0,0.2737,0.0026,0,0.0201,0,0.1664,0.0164,0,0,0.0913,0,0.2926,0.2514,0.1873,0
2,19,2016,7.7629,188.8234,15.748,0.0012,-0.00784133,0.142137682,-0.007598653,0.131844889,-0.008556375,0.13133614,0.0997,0,0,0.1455,0.0727,0.0519,0.0463,0,0.2569,0.003,0,0.048,0,0.354,0,0,0.0058,0.0912,0,0.5046,0.2992,0.343,0
2,20,2016,9.7406,251.0199,0,0.0033,-0.00756083,0.328315735,-0.007319003,0.288666342,-0.00823339,0.295908377,0.2199,0,0,0.2887,0.3365,0.3644,0.294,0,0.551,0,0,0.3279,0,0.4973,0.186,0,0.0137,0.3712,0.035,0.4671,0.614,0.334,0
2,21,2016,11.7293,230.7343,0,0.0044,-0.007884895,0.374836501,-0.007592112,0.340074116,-0.008556345,0.355688395,0.4124,0.1034,0,0.5069,0.3685,0.2487,0.3922,0,0.512,0.0007,0,0.2516,0,0.6493,0.1817,0,0.0769,0.6346,0.0798,0.7091,0.4566,0.1662,0
2,22,2016,13.7819,292.3705,0,0.0077,-0.008275564,0.428483759,-0.007929771,0.425555243,-0.008964968,0.465582543,0.4635,0.0201,0,0.3783,0.5697,0,0.6148,0,0,0,0,0.9591,0,0.724,0.789,0,0.1949,0.7633,0.1192,0.7016,0,0.5462,0
2,23,2016,14.8119,312.7722,0,0.008,-0.008751082,0.430465313,-0.008378145,0.429740399,-0.009535947,0.471370911,0.4337,0.0071,0,0.6414,0.5336,0.5169,0.5852,0,0.739,0.0037,0,0.4984,0,0.4613,0.5301,0,0.3336,0.6863,0.1288,0.8486,0.8117,0.3681,0
2,24,2016,14.4626,278.4738,0,0.0096,-0.009262323,0.442137077,-0.008862274,0.455894054,-0.010159234,0.508312488,0.411,0.01,0,0.4793,0.63,0.6132,0.6693,0,0.6845,0.0022,0,0.679,0,0.558,0.5599,0,0.1888,0.7496,0.1891,0.7899,0.7404,0.27,0
2,25,2016,16.2756,307.5389,0,0.0076,-0.009825342,0.425541496,-0.009413189,0.420027035,-0.010887212,0.458084312,0.4918,0.0082,0,0.5967,0.541,0.7422,0.6562,0,0.5884,0,0,0.478,0,0.412,0.5325,0,0.2579,0.7905,0.1179,0.7969,0.4835,0.619,0
2,26,2016,12.598,138.4002,11.684,0.0026,-0.010406589,0.280767358,-0.00995764,0.245770985,-0.011597677,0.248804583,0.3765,0,0,0.3135,0.2762,0.3143,0.5436,0,0.46,0.0129,0,0.2095,0,0.468,0.1796,0,0.1272,0.6767,0.1187,0.5397,0.4254,0.4182,0
2,27,2016,11.4176,201.8972,0.254,0.0017,-0.010355504,0.198525735,-0.009862683,0.178649049,-0.011488435,0.178642069,0.1581,0,0,0.1836,0.1504,0.0902,0.2319,0,0.5093,0,0,0.0786,0,0.5667,0.0532,0,0.0417,0.3913,0.0514,0.559,0.4881,0.3222,0
2,28,2016,11.5495,226.1763,4.318,0.0012,-0.010629106,0.139238728,-0.010093513,0.129317256,-0.011765931,0.128789348,0.0767,0,0,0.0399,0.1216,0.0869,0.1245,0,0.3975,0,0,0.0886,0,0.4,0.0137,0,0.024,0.2913,0.0417,0.4924,0.3693,0.2419,0
2,29,2016,14.1932,246.7255,0.254,0.0044,-0.010661192,0.370842499,-0.010110103,0.335283694,-0.011785019,0.349976925,0.4462,0.1246,0,0.3648,0.3897,0.2707,0.6611,0,0.8384,0.0044,0,0.3058,0,0.557,0.137,0,0.2696,0.828,0.1442,0.78,0.7651,0,0
3,1,2016,10.9452,116.9283,11.938,0.0004,-0.011207168,0.051341138,-0.010570732,0.050029002,-0.012365035,0.049840145,0.0034,0,0,0,0.0135,0.0051,0.1718,0,0,0.005,0,0,0,0,0,0,0.0332,0.1912,0.0326,0.2066,0,0,0
3,2,2016,12.4225,64.0811,20.32,0.0004,-0.010795225,0.051077465,-0.010184881,0.049781001,-0.011899036,0.049594458,0,0,0,0,0,0,0.0833,0,0,0.0004,0,0,0,0,0,0,0.0133,0.1128,0.0203,0,0,0.1759,0
3,3,2016,14.7015,395.1269,5.588,0.003,-0.010085578,0.306875505,-0.0095213,0.268571747,-0.011099509,0.273573744,0.2789,0.0047,0,0.3246,0.2341,0.066,0.4981,0,0.2562,0,0.0104,0.1549,0,0.338,0,0,0.0855,0.611,0.1075,0.5662,0.2441,0.2322,0
3,4,2016,13.953,195.691,2.794,0.0027,-0.010299656,0.283210345,-0.009671276,0.24785533,-0.011287754,0.251043095,0.2899,0.0035,0,0.3444,0.2387,0.2191,0.355,0,0.5969,0.0037,0,0.0726,0,0.5648,0.0991,0,0.0588,0.5418,0.0677,0.7989,0.5788,0.3239,0
3,5,2016,11.6878,39.7643,113.538,0.0004,-0.010594228,0.045692286,-0.009897098,0.044666772,-0.011565005,0.04451254,0,0.0018,0,0.0063,0,0.0051,0,0,0,0,0,0,0,0.012,0,0,0.0077,0.0599,0,0,0,0,0
3,6,2016,6.8984,68.149,38.354,0.0003,-0.007121035,0.040749341,-0.00668673,0.039941108,-0.00771906,0.039817437,0,0,0,0.0388,0,0,0.1117,0,0,0,0,0,0,0.156,0,0,0.0067,0.0958,0.0192,0.1703,0,0,0
3,7,2016,10.4465,444.8763,8.89,0.005,-0.006289749,0.395509952,-0.005914811,0.368242512,-0.006803323,0.390235566,0.4227,0.0561,0,0.5141,0.3105,0,0.3786,0,0,0,0.0573,0,0,0.627,0,0,0.0728,0.7055,0.0745,0.8786,0,0,0
3,8,2016,5.6785,159.3537,4.318,0.0004,-0.006410097,0.053762023,-0.006006628,0.052352979,-0.006931051,0.052159573,0,0.0066,0,0.0152,0.0079,0.0034,0,0,0.0402,0,0,0,0,0,0,0,0.0029,0.0739,0.0089,0.0698,0.0878,0.0963,0
3,9,2016,12.1858,139.5418,18.796,0.0007,-0.006360323,0.08133606,-0.00595958,0.078056082,-0.006874995,0.077702594,0.0137,0.0035,0,0.0674,0.0701,0.0378,0,0,0.2715,0,0,0,0,0.2653,0.011,0,0,0,0,0.4168,0.2675,0.6491,0
3,10,2016,11.4867,249.9247,55.372,0.0015,-0.006035716,0.174026255,-0.005657089,0.158670792,-0.006515758,0.158342031,0.1297,0.0029,0,0.1696,0.0984,0,0.0892,0,0,0,0.0391,0,0,0.484,0,0,0.0274,0.2384,0,0.6261,0,0,0
3,11,2016,9.5917,152.0272,20.32,0.0005,-0.005149115,0.062052475,-0.004827407,0.060174741,-0.005534606,0.059935705,0,0.0059,0,0.0357,0.0101,0.0294,0.0898,0,0.0959,0,0,0.0145,0,0.046,0.0027,0,0,0.0742,0,0.0636,0.0893,0.1995,0
3,12,2016,7.9289,65.9023,52.832,0.0003,-0.004862641,0.038173269,-0.004561243,0.03747363,-0.005220967,0.037365995,0,0.0059,0,0,0,0,0,0,0,0,0.026,0,0,0,0,0,0,0.0473,0,0,0,0.2753,0
3,13,2016,10.4878,27.8716,105.156,0.0004,-0.004145067,0.029105272,-0.003895777,0.028705506,-0.004439903,0.02863992,0.0086,0.0025,0,0,0,0,0,0,0,0,0,0,0,0,0,0,0,0,0,0,0,0,0
3,14,2016,9.3076,352.9649,5.842,0.003,-0.003046102,0.323719252,-0.002873562,0.284174624,-0.003248885,0.290803393,0.2573,0.0027,0,0.2968,0.2485,0.3587,0.4327,0,0.7946,0.0037,0.0052,0.2859,0,0.5744,0.137,0,0.0392,0.6427,0.0564,0.6243,0.8004,0.0132,0
3,15,2016,12.4352,465.422,0,0.0047,-0.003099876,0.386365501,-0.002911591,0.354854387,-0.003295327,0.373523038,0.4613,0.0162,0,0.5627,0.4706,0.5843,0.6212,0,0.8725,0,0.0156,0.4018,0,0.607,0.3148,0,0.1678,0.8066,0.08,0.7481,0.8326,0.2427,0
3,16,2016,18.293,524.0534,8.128,0.0093,-0.003230156,0.441276927,-0.003022292,0.452014368,-0.003430827,0.50237895,0.3203,0.0206,0,0.5589,0.6793,0.3841,0.7619,0,0.6711,0,0.0313,0.0519,0,0.768,0.0986,0,0.4158,0.7903,0.0935,0.8211,0.6417,0,0
3,17,2016,19.8255,549.5064,0,0.0119,-0.003307551,0.452431094,-0.003097242,0.480176247,-0.00353753,0.543584576,0.6155,0.0147,0,0.3042,0.8091,0.3993,0.6457,0,0.5851,0,0,0.5252,0,0.548,0.4808,0,0.4355,0.7896,0.1421,0.9142,0.5283,0.1609,0
3,18,2016,18.0419,524.5491,0,0.0115,-0.00347327,0.452106711,-0.003259975,0.479348412,-0.003754831,0.542343634,0.4416,0.0156,0,0.6223,0.7967,0.6768,0.77,0,0.8638,0.0105,0.026,0.5024,0,0.5064,0.4027,0,0.3621,0.8588,0.1731,0.9214,0.7093,0,0
3,19,2016,14.4093,220.685,0.254,0.0026,-0.003648959,0.283186033,-0.003432807,0.247897653,-0.003987856,0.251053949,0.299,0.0131,0,0.2401,0.1898,0.1617,0.5502,0,0.4088,0.0037,0,0.1567,0,0.4013,0.0795,0,0.1499,0.7368,0.1395,0.5265,0.4119,0.2902,0
3,20,2016,11.7774,233.8101,32.766,0.0008,-0.003761601,0.099995442,-0.003523865,0.095018108,-0.004098429,0.094577199,0.0481,0.0071,0,0.1643,0.1092,0.0545,0.0519,0,0.3566,0.0041,0.0104,0.0613,0,0,0.0247,0,0.0021,0.1649,0.0128,0.4171,0.2462,0.2005,0
3,21,2016,7.9949,156.1426,49.53,0.0004,-0.003450501,0.053002837,-0.003234366,0.051651253,-0.003751553,0.051466866,0,0.017,0,0.0495,0,0.0233,0,0,0.1222,0,0.026,0.0178,0,0,0,0,0.0263,0.1112,0,0.0662,0.1276,0.2777,0
3,22,2016,9.5743,413.7138,8.636,0.0018,-0.003005632,0.219133095,-0.002822001,0.195499588,-0.003259686,0.195941643,0.1435,0.0109,0,0.174,0.1547,0.1681,0.2678,0,0.4517,0,0.0365,0.1509,0,0.117,0.051,0,0.0579,0.5362,0.0345,0.6394,0.456,0.1214,0
3,23,2016,14.1391,472.7057,0,0.0061,-0.003000827,0.414978379,-0.002810628,0.399042251,-0.003246312,0.429679325,0.7565,0.0216,0,0.7002,0.6854,0.7204,0.7014,0,0.8719,0,0.0823,0.6356,0,0.5864,0.446,0,0.2964,0.7776,0.1194,0.9104,0.7441,0.2375,0
3,24,2016,15.7578,631.2066,0,0.0046,-0.003135615,0.382368715,-0.002930249,0.349456639,-0.003399948,0.366914332,0.4849,0.0244,0,0.6302,0.5413,0.6471,0.6753,0,0.9296,0,0.0851,0.5393,0,0.644,0.3574,0,0.2519,0.8318,0.1768,0.8774,0.9476,0.1573,0
3,25,2016,16.1667,629.8261,0,0.01,-0.003266313,0.44745266,-0.003040073,0.467037588,-0.003538117,0.524101636,0.6694,0.0154,0,0.6049,0.8112,0.8389,0.7477,0,0.9499,0.0044,0,0.7909,0,0.82,0.6012,0,0.2947,0.8153,0.1522,0.8829,0.9909,0.3968,0
3,26,2016,15.923,388.5942,0,0.0049,-0.003427686,0.391544106,-0.003194692,0.362126407,-0.003747399,0.382511262,0.7106,0.0159,0,0.5444,0.5301,0.533,0.6862,0,0.7856,0.0096,0.0729,0.434,0,0.52,0.3596,0,0.256,0.7707,0.1297,0.8576,0.8245,0.4811,0
3,27,2016,13.4285,445.4306,0,0.0055,-0.003576828,0.407802068,-0.00332113,0.386999192,-0.003909595,0.414002014,0.7144,0.0136,0,0.6819,0.5211,0.4867,0.5153,0,0.8479,0.0069,0,0.5073,0,0.6344,0.2877,0,0.0946,0.658,0.0895,0.8979,0.8688,0.2988,0
3,28,2016,12.0167,653.3978,0,0.0073,-0.003740551,0.432302274,-0.003462974,0.432335171,-0.004094769,0.474645777,0.7998,0.017,0,0.5994,0.7025,0.6917,0.6726,0,0.8068,0,0.0052,0.6957,0,0.7072,0.4332,0,0.1705,0.8417,0.1528,0.9475,0.8229,0.3714,0
3,29,2016,14.827,573.6152,0,0.0101,-0.003924069,0.449159433,-0.003630158,0.47166192,-0.004320232,0.530919732,0.7745,0.0179,0,0.5698,0.8166,0.7716,0.7233,0,0.8909,0.0041,0.0417,0.7091,0,0.556,0.6434,0,0.3354,0.7726,0.163,0.888,0.9175,0.2304,0
3,30,2016,17.5419,691.6556,0,0.0118,-0.004126353,0.454330533,-0.003823768,0.485803847,-0.004590392,0.552048211,0.5796,0.0109,0,0.6609,0.8871,0.921,0.8084,0,0.9149,0.0063,0.0677,0.5739,0,0.584,0.7626,0,0.3874,0.9428,0.1584,0.9253,0.9525,0,0
3,31,2016,18.4363,704.685,0,0.0133,-0.004343878,0.458322931,-0.004036333,0.497677453,-0.004893179,0.570154496,0.7601,0.0161,0,0.7223,0.8779,0.9442,0.86,0,0.935,0.0055,0.1667,0.8957,0,0.528,0.8514,0,0.4115,0.8971,0.1806,0.8727,0.8995,0.5567,0
4,1,2016,19.2741,696.033,0,0.0091,-0.004577459,0.441003894,-0.004269025,0.451791913,-0.005231511,0.502095263,0.5415,0.0206,0,0.6159,0.8208,0.7528,0.8349,0,0.9031,0.0155,0.0729,0.6041,0,0.481,0.6222,0,0.2976,0.9621,0.1784,0.8661,0.9264,0.5734,0
4,2,2016,21.0061,710.25,0,0.0122,-0.004816635,0.453681075,-0.004494381,0.484253534,-0.005553021,0.54975731,0.6467,0.0237,0,0.6087,0.8507,0.8932,0.9472,0,0.9203,0.0325,0.0729,0.7415,0,0.697,0.7452,0,0.309,0.8126,0.1428,0.8195,0.9717,0.8179,0
4,3,2016,18.1,711.5076,0,0.0116,-0.005078568,0.453599117,-0.004752035,0.484119601,-0.005932758,0.549543574,0.6969,0.0196,0,0.7048,0.8932,0.8944,0.9452,0,0.8924,0.0164,0.1198,0.6685,0,0.528,0.6892,0,0.3356,0.949,0.2,0.8338,0.9452,0.2322,0
4,4,2016,18.2874,722.7801,0,0.0133,-0.005357792,0.45850524,-0.005027605,0.49869796,-0.006344036,0.571758748,0.9107,0.0112,0,0.7964,0.8687,0.9296,0.9343,0,0.9028,0.0125,0.0156,0.7475,0,0.52,0.7373,0,0.2698,0.8141,0.2132,0.9001,0.9154,0.6939,0
4,5,2016,25.4918,680.1274,0,0.0237,-0.005659041,0.469977715,-0.005331849,0.54084479,-0.006808949,0.639128521,0.5189,0.0348,0,0.5462,0.8861,0.9332,0.9324,0,0.8929,0.0314,0.0885,0.7585,0,0.494,0.8616,0,0.4248,0.5058,0.2104,0.7407,0.904,0.595,0
4,6,2016,29.3202,746.1502,0,0.032,-0.005989252,0.473052668,-0.005687238,0.556885946,-0.007378136,0.666182136,0.6454,0.028,0,0.5698,0.8773,0.9252,0.8698,0,0.9159,0.0323,0.27,0.7115,0,0,0.6658,0,0.5036,0.6908,0.1338,0.5776,0.8867,0.5224,0
4,7,2016,21.1633,624.3454,0,0.0154,-0.006345338,0.461722411,-0.006083408,0.509521178,-0.008033551,0.588625768,0.6426,0.0192,0,0.8086,0.8608,1,0.9667,0,0.8929,0.0513,0.311,0.8862,0,0.652,0.8058,0,0.4374,0.8213,0.2217,0.8857,0.9717,0.6253,0
4,8,2016,18.0459,423.3981,0,0.0075,-0.006717762,0.43041785,-0.006475328,0.42913207,-0.008671782,0.470264201,0.7874,0.0104,0,0.6433,0.6462,0.7039,0.9421,0,0.8036,0.0367,0.0853,0.6999,0,0.754,0.4594,0,0.3545,0.8459,0.2061,0.9154,0.8716,0.2942,0
4,9,2016,13.9163,190.9674,0,0.004,-0.007088881,0.372227638,-0.006829199,0.336729554,-0.009225937,0.351514525,0.4738,0,0,0.4121,0.2585,0.2886,0.5194,0,0.531,0.0174,0.0527,0.2851,0,0.3816,0.1702,0,0.1051,0.5472,0.0946,0.7821,0.571,0.4148,0
4,10,2016,13.6407,216.2477,0,0.0034,-0.007429888,0.348051958,-0.00712327,0.30884835,-0.009668159,0.318759875,0.3425,0.0015,0,0.3351,0.226,0.2111,0.3801,0,0.4525,0.0105,0.0443,0.2121,0,0.282,0.119,0,0.0966,0.5023,0.1109,0.6763,0.4926,0.3172,0
4,11,2016,17.5457,464.9967,0,0.0064,-0.007766766,0.418266859,-0.007406493,0.405800434,-0.010091412,0.438654979,0.7312,0.0232,0,0.6839,0.5872,0.7406,0.8676,0,0.8832,0.0315,0.224,0.5982,0,0.5464,0.4186,0,0.2987,0.877,0.2126,0.9189,0.9344,0.2524,0
4,12,2016,12.8595,342.5618,0,0.0038,-0.008196269,0.364630095,-0.007799526,0.327587662,-0.010710954,0.340626229,0.3715,0,0,0.3881,0.262,0.2835,0,0,0.5152,0.0119,0.0347,0.2549,0,0.296,0.1394,0,0.1102,0.5559,0.0768,0.6973,0.5476,0.3945,0
4,13,2016,14.3276,709.6298,20.574,0.0073,-0.008594214,0.432230846,-0.008135238,0.433417809,-0.011223826,0.476194331,0.7737,0.0392,0,0.7482,0.7215,0.7765,0.8586,0,0.8188,0.0385,0.2299,0.6833,0,0.6024,0.4527,0,0.3776,0.9062,0.2272,0.9513,0.8688,0.5875,0
