ps0,ps5,ps15,ps30,ps60,ps100,ps200,ps300,T,I,D,Aru_29,Bpa_38,Pgr_22,Pst_19,Qru_42,date
-0.01617522922754832,-0.014460460368637724,-0.007923024582533744,-0.009653541289973467,-0.019934478938001963,-0.10823717295167827,-0.0389385392954234,-0.07760184447302047,11.597555555555555,206.44222222222223,0.005114455684403871,0.012400695742293426,0.035053208605145526,0.005995697178751216,0.010436690450904382,0.043752937440433855,2015-05-30
-0.021039942042469444,-0.020290456384747694,-0.010679915587728654,-0.012248332462627253,-0.020982666231286966,-0.101071953278053,-0.03662711979655624,-0.07301824168746396,11.1512,644.7500000000001,0.0074100611344134655,0.014035925536314482,0.04719609152907841,0.04575093879404722,0.02198823086572292,0.0709538063413592,2015-05-31
-0.024897081162417702,-0.024255264808632812,-0.012457253634506053,-0.014301802621653465,-0.023979649617710104,-0.10823717295167827,-0.03760588891634693,-0.060978045261412844,14.89122222222222,632.4166666666667,0.011228116347287332,0.01617707664662071,0.0639478585912063,0.05283078544154318,0.02003013221219306,0.0772578212882517,2015-06-01
-0.02888057810766895,-0.027578323688021968,-0.014011922338823443,-0.015973352630254106,-0.026906247177112506,-0.11629732563837944,-0.03760588891634693,-0.058188245593430624,18.871555555555556,615.5011111111111,0.015243907119554787,0.019621285283223884,0.0736695981348849,0.059176562163559716,0.02190377875421181,0.07762945308682317,2015-06-02
-0.03356126573474996,-0.030987544975507535,-0.015458932883636124,-0.01744413739811424,-0.029878489421159046,-0.12237767948045986,-0.03732624059640674,-0.05320896322507567,23.112111111111112,617.1399999999999,0.01676749732708282,0.02138194552666456,0.0739160831971753,0.057938893263284434,0.021028165306430112,0.07596449271784547,2015-06-03
-0.03856952180350285,-0.03403110613891933,-0.016854223652097888,-0.018597069259454993,-0.03195011669078056,-0.14772344963722644,-0.0389385392954234,-0.045753941381913125,19.073111111111114,205.80477777777776,0.006724379746141405,0.014089469398549893,0.044470038098909974,0.023549773386889693,0.01221197029292975,0.058530864472604235,2015-06-04
-0.0397143269068103,-0.035157592007922726,-0.017815212749923023,-0.019879646119337797,-0.03403110613891933,-0.13031638103294133,-0.041852527023952195,-0.045149133292629644,16.86466666666667,297.0488888888889,0.004183512898538805,0.011240168429397979,0.03988494021521829,0.012706237911396866,0.011091455983261753,0.051994761620168514,2015-06-05
-0.048161745485418815,-0.03834625023805608,-0.019009207864998143,-0.020817233125090585,-0.035157592007922726,-0.05454039967186675,-0.045149133292629644,-0.045149133292629644,17.337000000000003,622.3855555555557,0.012760884941195823,0.022973900970905094,0.06792982625914878,0.044207458572392215,0.02267965046154538,0.07309895575504959,2015-06-06
-0.017069191064815314,-0.016455716570574177,-0.012187673227841717,-0.02009918692308671,-0.036347471476616044,-0.05320896322507567,-0.04696355756048009,-0.04615714677476878,14.825888888888889,103.60511111111111,0.0076807952956657625,0.010084564690041414,0.01250303654993092,0.0015665549364111903,0.0024061678995011757,0.01226711438880558,2015-06-07
-0.018706266659076442,-0.015198411533895648,-0.009343740681728198,-0.013899012046080954,-0.03760588891634693,-0.05560554882929961,-0.048903071063517795,-0.045149133292629644,17.146,360.7875555555555,0.0026007056501357022,0.010821918097818744,0.03313514450763596,0.017509869363336927,0.010176633359528182,0.04205532671198455,2015-06-08
-0.02115351637917436,-0.018159666019961385,-0.009977341630532648,-0.013172301010693742,-0.03047898713167411,-0.059118178816091355,-0.05507297425058319,-0.048256566562505224,21.49344444444445,605.7333333333333,0.01342665241110837,0.02209574301398133,0.07377336567015552,0.0363993728224035,0.023510010712271906,0.08035898154583297,2015-06-09
-0.020956396948589993,-0.017167793694088378,-0.0100268905393558,-0.013567541256794088,-0.026822237613248825,-0.060978045261412844,-0.05560554882929961,-0.050980159934249744,17.68611111111111,265.18,0.00615536365380925,0.018898075081788656,0.05133950839946203,0.021675777567516732,0.016819515365340407,0.062079147487280446,2015-06-10
-0.024117434959525667,-0.02114809933748335,-0.011299301435530713,-0.013927239619266575,-0.0260998139601986,-0.060978045261412844,-0.060978045261412844,-0.050980159934249744,16.12488888888889,142.16455555555552,0.003395915234257203,0.012797598520955274,0.03147380842826227,0.018051460753172245,0.010888596470204256,0.044772585290683384,2015-06-11
-0.014153305771462078,-0.011920968281834218,-0.00758970572087548,-0.011552347376508978,-0.02594629424477558,-0.058188245593430624,-0.06164938893041248,-0.05221838398470859,18.691111111111113,547.8566666666667,0.007644948871891877,0.026153226178148962,0.06657609104972992,0.04443041083027717,0.02040036698537909,0.07574259505188255,2015-06-12
-0.020271467503117896,-0.01833341191096849,-0.009911020342970454,-0.011888472495562564,-0.021313532443679735,-0.07128444645704579,-0.06727928058735326,-0.055339261539941405,21.307666666666663,268.9628888888889,0.010311165940181484,0.02085567826678486,0.05755351872435761,0.03641962726014666,0.022836035659531937,0.08019406603589053,2015-06-13
-0.022157950085129777,-0.019584193678174253,-0.010848208977674577,-0.01306940184302021,-0.021829543752143868,-0.059118178816091355,-0.06727928058735326,-0.059118178816091355,21.921333333333333,319.5533333333333,0.004313929325328289,0.015925793382404362,0.046125710076430064,0.022090717344373227,0.012751050798611198,0.05830459956110689,2015-06-14
-0.02497054438660639,-0.02249059238435494,-0.011932490733590755,-0.014040149912009066,-0.02292529028667787,-0.0522183839847086,-0.07617694069545129,-0.060978045261412844,22.360888888888887,322.33222222222224,0.0072681196370315525,0.023368993612236474,0.05572405842487281,0.024328802026450533,0.01997728550814904,0.06962325220187393,2015-06-15
-0.029837913055996344,-0.025869534387064068,-0.013354367647427581,-0.015294859199600962,-0.02474780622309682,-0.050980159934249744,-0.07902674825058965,-0.06131371709591266,18.902555555555555,507.43222222222226,0.011362447569701456,0.02670350792661294,0.06178197145459051,0.034797737813591995,0.024460122620511764,0.08034983112661803,2015-06-16
-0.03557041785969069,-0.02997531513888321,-0.014940885001228846,-0.01662674400611645,-0.025946294244775583,-0.050980159934249744,-0.08833989484439378,-0.06198506076491231,21.026222222222223,529.2177777777778,0.01095915782547907,0.02626183441797738,0.08022077861736467,0.039734757013487575,0.022678111237155747,0.08309599671147322,2015-06-17
-0.04142929924500948,-0.033556550670560306,-0.016403022411078074,-0.017815212749923023,-0.027578323688021968,-0.05427411238250854,-0.08891644606519956,-0.06727928058735326,18.86288888888889,423.19555555555553,0.0059267154645392985,0.014909135784534955,0.04391299375126092,0.02085163677116432,0.012342691489593185,0.0606192396943472,2015-06-18
-0.049383751198227514,-0.03760588891634693,-0.018156627507985537,-0.019151627729196256,-0.030072140856607373,-0.0537415378037921,-0.09466803998467993,-0.07215134407225487,18.412777777777777,545.5388888888889,0.01297190010143378,0.026629654323529615,0.0827211599579331,0.04552645210906051,0.02343859070059301,0.08370449958926847,2015-06-19
-0.06249838039044448,-0.041852527023952195,-0.019930751774577357,-0.020604950410158702,-0.03195011669078056,-0.056466447750676614,-0.101071953278053,-0.07475203691788211,18.171777777777777,153.6496666666667,0.006385755407517065,0.018467383072957966,0.049430215483300545,0.03145590902868053,0.015392992985517752,0.05789387051679876,2015-06-20
-0.07045414019809815,-0.045149133292629644,-0.021313532443679735,-0.021313532443679735,-0.03403110613891933,-0.060358089779639,-0.09893731551359533,-0.07475203691788211,18.78722222222222,214.27555555555557,0.004151701071908325,0.01807892760183833,0.04803366501577574,0.027508902194837044,0.014873833121886906,0.0639210852824385,2015-06-21
-0.08272349909668479,-0.048903071063517795,-0.02236639298369125,-0.022863190586346022,-0.03528980083777754,-0.060978045261412844,-0.101071953278053,-0.07902674825058965,22.86911111111111,183.88577777777775,0.00779062751871042,0.017885484259121717,0.05880645968031874,0.03236996725319578,0.014965919786370598,0.05846789295127942,2015-06-22
-0.09404706074859885,-0.048903071063517795,-0.023507537863944647,-0.02377731600895348,-0.03819817797371425,-0.060978045261412844,-0.101071953278053,-0.08268287689409018,14.909111111111113,471.26666666666665,0.004322855497985032,0.019416136385770208,0.04709098601699198,0.01490063745388721,0.014962595061688996,0.05915600447624488,2015-06-23
-0.14463371412773016,-0.05560554882929961,-0.025262048792417627,-0.02496819589566288,-0.039095561824622704,-0.06655034973947724,-0.10584876639380318,-0.08776334362358798,23.30933333333333,494.3455555555556,0.015275598322230447,0.025887980721323558,0.07101534946049827,0.04017835988860485,0.02325880929188405,0.07898392309471124,2015-06-24
-0.056425172357576346,-0.024577353886068094,-0.02085108449209276,-0.0260998139601986,-0.041852527023952195,-0.06727928058735326,-0.10425649535521979,-0.08891644606519956,19.79411111111111,403.00244444444445,0.0048359316829783144,0.023522493257860634,0.054640743196338305,0.02061711493293213,0.010086434810295778,0.06492035265352743,2015-06-25
-0.05472074388944704,-0.02195115890616365,-0.01500451793012713,-0.025335512016606318,-0.04344873462109867,-0.06846985294138258,-0.101071953278053,-0.09466803998467993,23.37611111111111,459.09777777777776,0.016578994983140062,0.025227280595700684,0.07525643863843605,0.0364068915152021,0.01328112068471574,0.08517023037624759,2015-06-26
-0.0779594390982109,-0.027074266304839875,-0.016514883208597262,-0.024395990927051095,-0.04696355756048009,-0.0734516904950685,-0.12251850538102446,-0.09466803998467993,23.802888888888887,545.68,0.019085889738739478,0.03368176834932179,0.07276453115103446,0.04075607169241548,0.016475806559135706,0.0848421323903049,2015-06-27
-0.11476662473375027,-0.032856830836794394,-0.018734448794636045,-0.024677443163887675,-0.048903071063517795,-0.07475203691788211,-0.13580582026970217,-0.09751422367062351,23.275333333333336,536.8444444444444,0.017501110288675053,0.026179412831529813,0.08229315604096439,0.041881267086132164,0.01967049243355567,0.08451403440436221,2015-06-28
-0.18748974400122126,-0.03988067447061923,-0.021092954968751226,-0.026260352549765317,-0.050980159934249744,-0.07712687654716407,-0.13580582026970217,-0.10823717295167827,25.18577777777778,538.451111111111,0.020630534309290783,0.026845784720788166,0.07803883575895916,0.043870038052716366,0.022865178307975624,0.08418593641841951,2015-06-29
-0.10980292644601852,-0.021368564014280302,-0.012107866178967601,-0.023238387844110166,-0.05320896322507567,-0.07902674825058965,-0.1371300013105382,-0.11271503555540113,17.38588888888889,126.98144444444443,0.0006271897359980262,0.012479147094196152,0.08161361248262335,0.011379311386612497,0.00860823553696522,0.019116348746058914,2015-06-30
-0.03482644990023012,-0.019832267627522843,-0.0100780021425779,-0.013814329326524087,-0.05320896322507567,-0.07902674825058965,-0.13580582026970217,-0.11271503555540113,15.653111111111109,285.0755555555556,0.004169377964196617,0.011549955332135233,0.08518838920628752,0.014788014888695852,0.003614542163478928,0.049051832313038245,2015-07-01
-0.045305627177944445,-0.023577732761197196,-0.01186759629629766,-0.014877252072330562,-0.04118551148362551,-0.08718679240278221,-0.14925498688726527,-0.11629732563837944,20.50911111111111,491.05222222222216,0.013747512130931819,0.028558657338704337,0.08876316592995173,0.08955990664811377,0.021954778388988263,0.09975204728751541,2015-07-02
-0.060085251261366955,-0.02732629499643092,-0.013434307750940021,-0.015903453852613863,-0.03428143633203121,-0.11124058430308659,-0.16329488430452824,-0.12541785640150008,20.51311111111111,310.74444444444447,0.010849905419853608,0.02588267098515417,0.08359173687275374,0.05779665187095175,0.019387659951960883,0.08850306261122594,2015-07-03
-0.0788879480640277,-0.03088583340674085,-0.014846391216518928,-0.016892763268251967,-0.03403110613891933,-0.14772344963722644,-0.19656921948091885,-0.12541785640150008,23.06811111111111,411.99666666666667,0.012301340570770623,0.02490519682669841,0.09877123251221373,0.06819331614160058,0.021106870980219933,0.10310193257648528,2015-07-04
-0.10688382127644361,-0.034656931621699,-0.016403022411078074,-0.017815212749923023,-0.03296335633511152,-0.1523180613873429,-0.2192115997637049,-0.1371300013105382,25.806777777777782,410.3111111111111,0.013043726183622557,0.0261369349421747,0.07820831282229516,0.0491338902252857,0.021061617783164767,0.07152820311117143,2015-07-05
-0.16466520461803044,-0.0389385392954234,-0.01820082360873127,-0.019009207864998143,-0.035157592007922726,-0.17402048080624252,-0.19235287729408068,-0.14772344963722644,26.724444444444444,359.6244444444444,0.014187021959042685,0.023507408780106685,0.07081554492267059,0.03861462522920669,0.017072871699873753,0.06700768805490508,2015-07-06
-0.11942565307805125,-0.030072140856607373,-0.016738604803635634,-0.0201351743955356,-0.03568642732734198,-0.18392019292040446,-0.2802756121455971,-0.13845418235137422,16.361888888888885,529.3811111111112,0.00766052032787784,0.026887176527744996,0.0766642875768499,0.044754942162298264,0.018919325277675675,0.06954277010559684,2015-07-07
-0.19444835037514213,-0.033793828404739816,-0.017900566439438652,-0.020982666231286966,-0.03760588891634693,-0.17759567964014725,-0.3083951804593886,-0.14772344963722644,21.660375000000002,598.98625,0.015313594867999014,0.027790073028185234,0.08055185354723246,0.051957696420644774,0.020323918840694056,0.08047585735489686,2015-07-08
-0.33611134996879805,-0.03910451208948018,-0.019584193678174253,-0.02212779332522575,-0.0389385392954234,-0.17759567964014725,-0.32846045137498253,-0.1507865241373041,21.987555555555556,584.7833333333333,0.013774378375414644,0.02845680694490969,0.08271521339430725,0.05664905384154946,0.02205431489951777,0.083669145696847,2015-07-09
-0.7584854472714226,-0.04595554407834095,-0.022187443239842123,-0.02370987147270127,-0.04035174205821714,-0.19656921948091885,-0.4239791872311305,-0.17580808022319488,25.061000000000003,593.5977777777779,0.016117882501302187,0.027074706755182063,0.08141083466298275,0.04883912677903862,0.020934580463540513,0.08187545556664055,2015-07-10
-2.645490347825434,-0.05535994055770885,-0.02518858556822894,-0.025562494956218023,-0.044393400549726986,-0.2192115997637049,-0.43980413449331807,-0.17759567964014725,26.41033333333333,590.5855555555556,0.016468678893549357,0.025953507692686704,0.07382569543006275,0.04354044311125947,0.020615242710171646,0.07792725763945574,2015-07-11
-inf,-0.07712687654716407,-0.028370329074751805,-0.027930326082124115,-0.045149133292629644,-0.24660392997696767,-0.8937123875108431,-0.20160085954376022,25.341,499.21111111111117,0.013525454395920717,0.025842365260595627,0.07297295820611958,0.04130278806877066,0.01655877075373684,0.08151713346874541,2015-07-12
-inf,-0.110923890513912,-0.03228786323889088,-0.030072140856607373,-0.048903071063517795,-0.24660392997696767,-0.5448699991381577,-0.2192115997637049,21.51855555555555,222.71777777777777,0.004710749239246648,0.01435729731796677,0.03507550821874237,0.014585266651663579,0.008439680204804643,0.04742329536600063,2015-07-13
-inf,-0.1411025444330463,-0.03440660142858713,-0.030987544975507535,-0.050980159934249744,-0.24660392997696767,-0.8002927373717168,-0.2192115997637049,20.59477777777778,264.8177777777778,0.005183649971214737,0.017171783312462573,0.0451480950163446,0.03601192997921045,0.008763543277879036,0.05120532999880461,2015-07-14
-inf,-0.17759567964014725,-0.03956662941222062,-0.03440660142858713,-0.054007825093150316,-0.2802756121455971,-1.2408406270139254,-0.2192115997637049,18.74611111111111,585.0666666666667,0.010489974504482278,0.026341601136340244,0.07351840675469831,0.05362991507613701,0.013364469685414285,0.08810314769871733,2015-07-15
-inf,-0.2192115997637049,-0.04496020010690398,-0.0379020334450306,-0.058188245593430624,-0.2802756121455971,-3.4388329291117214,-0.2802756121455971,19.455055555555553,420.29477777777777,0.00629867587795049,0.025194456772108097,0.06912865348611492,0.03903152907275343,0.012205474766005503,0.083928268931889,2015-07-16
-inf,-0.2283423765014592,-0.048903071063517795,-0.041852527023952195,-0.06399909177191124,-0.32245496461628437,-3.4388329291117214,-0.31308177517835384,20.164,255.52288888888884,0.002107377251418702,0.010060960499252038,0.0309410111937975,0.02575198316332797,0.0035655927755894605,0.03450130211110576,2015-07-17
-inf,-0.24660392997696767,-0.05349389299370033,-0.04344873462109867,-0.06846985294138258,-0.2990219910214581,-3.4388329291117214,-0.32245496461628437,26.555555555555557,388.85999999999996,0.010351871042026482,0.023340876145703116,0.05722928234265953,0.043432419443295935,0.00963447748351625,0.07390211300523596,2015-07-18
-inf,-0.3177683698973191,-0.06399909177191124,-0.04782556356183018,-0.07475203691788211,-0.32245496461628437,-4.115653774844442,-0.37650434544456773,23.330555555555552,618.0244444444445,0.012730761849932833,0.024141318873238542,0.05501730933794361,0.040343157359333304,0.009662460582919754,0.08085414400380649,2015-07-19
-inf,-0.33446593813368064,-0.07912142058273415,-0.054007825093150316,-0.08320518098601883,-0.37650434544456773,-4.039579693905451,-0.4477166081244117,24.931666666666672,495.1722222222222,0.01011814568083998,0.01986263692728703,0.060828885969461545,0.03164571766116758,0.0069751389825580806,0.07907958656832226,2015-07-20
-inf,-0.6373021161779254,-0.09338990800257317,-0.060978045261412844,-0.08603368996117061,-0.4477166081244117,-3.963505612966461,-0.4477166081244117,21.33533333333333,576.7722222222224,0.011581983167475393,0.022885566269177985,0.0682047061627525,0.03447320648157089,0.006416564713056749,0.09030590316064738,2015-07-21
-inf,-5.469295466309882,-0.12237767948045986,-0.0688667103927257,-0.09964886143508121,-0.6373021161779254,-3.8874315320274704,-0.6835181746978091,22.48711111111111,616.0044444444444,0.017243632974202918,0.024347071149802377,0.06790009344101966,0.03257481327128003,0.005923561402553716,0.08919183962122523,2015-07-22
-inf,-inf,-0.14772344963722644,-0.07522700484373851,-0.10823717295167827,-0.8937123875108431,-3.81135745108848,-0.8937123875108431,25.67011111111111,583.8811111111112,0.019016805110069358,0.02095113284201184,0.07485995150868423,0.03418550139999189,0.0020536270237487618,0.08438246246746822,2015-07-23
-inf,-inf,-0.18813653510724257,-0.08891644606519956,-0.12541785640150008,-1.086561409457,-3.7352833701494896,-1.2408406270139254,27.256222222222224,480.1366666666667,0.017696521095484825,0.018680617250487763,0.05437775641998622,0.029449338707715968,0.0033122364410561192,0.08196092880067125,2015-07-24
-inf,-inf,-0.19656921948091885,-0.09338990800257317,-0.13580582026970217,-1.7490973347626475,-3.6592092892104993,-1.894313536976568,25.889666666666667,609.7033333333334,0.015360802697590263,0.01842611194182317,0.05326678967059163,0.03298880170333343,0.004334743203088311,0.07861998596684329,2015-07-25
-inf,-inf,-0.24660392997696767,-0.11271503555540113,-0.14772344963722644,-1.894313536976568,-3.583135208271509,-1.894313536976568,29.31566666666667,591.04,0.02404474052142446,0.01842635329346723,0.06442031307127802,0.03571701309025321,0.0032972957029807626,0.08352149120496913,2015-07-26
-inf,-inf,-0.32245496461628437,-0.12888051102423412,-0.17759567964014725,-3.4388329291117214,-3.507061127332518,-9.530220540706202,31.05544444444444,576.5833333333334,0.028228088932752145,0.015912796596371567,0.053961794294359836,0.0308663821361864,0.002266252402483674,0.08310410731032283,2015-07-27
-inf,-inf,-0.33446593813368064,-0.15844421038749823,-0.18392019292040446,-3.4388329291117214,-3.4309870463935277,-inf,30.71655555555556,429.16,0.025321928886695724,0.015393045830881571,0.05768865438275445,0.031508846763691076,0.001577417677486202,0.0843635377368191,2015-07-28
-inf,-inf,-0.43189166086222425,-0.17759567964014725,-0.2283423765014592,-inf,-3.3549129654545373,-inf,26.489666666666665,577.7633333333333,0.021057214134934343,0.016146304312002664,0.0461616867863663,0.02951086923449634,0.00434596927963669,0.08371323408033729,2015-07-29
-inf,-inf,-0.6835181746978091,-0.19656921948091885,-0.2802756121455971,-inf,-3.2788388845155465,-inf,24.159777777777776,485.73555555555555,0.014046001590043038,0.01134952485932299,0.04125710977187721,0.02687579757265308,0.003498451807713736,0.07615436391655603,2015-07-30
-inf,-inf,-0.6835181746978091,-0.21417995970086356,-0.32245496461628437,-inf,-3.2027648035765566,-inf,23.701888888888888,447.73777777777775,0.014218164871014611,0.012009537132760281,0.04485046950687209,0.02774259544243428,0.0025520956069845775,0.08170492502672529,2015-07-31
-inf,-inf,-0.8937123875108431,-0.24660392997696767,-0.33446593813368064,-inf,-3.1266907226375658,-inf,23.50633333333333,560.54,0.01363598980179291,0.012574541331512113,0.0501231388097997,0.029560891558013544,0.0023194685203812002,0.08338007563528331,2015-08-01
-0.09973070167918803,-inf,-0.29537724157174494,-0.05856569004645212,-0.4002417663378491,-inf,-3.0506166416985754,-inf,20.12111111111111,141.02805555555557,0.0012909026823164499,0.007856732136769906,0.01950142834989083,0.03590421319666727,0.004734654222506431,0.011406871000562226,2015-08-02
-0.14220203213911747,-inf,-0.06727928058735326,-0.060358089779639,-0.4477166081244117,-inf,-2.974542560759585,-inf,19.793,426.78666666666663,0.008694892672094744,0.012583471342342448,0.0543447529918629,0.04510555875504921,0.006912430980924495,0.07704112272411548,2015-08-03
-0.1839498120220439,-inf,-0.060978045261412844,-0.07522700484373851,-0.4477166081244117,-inf,-2.898468479820594,-inf,19.124777777777776,542.2199999999999,0.008618515777065,0.015384960550805456,0.05437537779453589,0.034221406994172955,0.010666948158097324,0.08763148518100043,2015-08-04
-0.4416175126598465,-inf,-0.06582141889160124,-0.08372748507794747,-0.4477166081244117,-inf,-2.8223943988816043,-inf,21.227666666666668,567.9177777777778,0.01309702004002522,0.014908773757068861,0.06155808333407821,0.03716520538888925,0.010101888623167679,0.08830903213105408,2015-08-05
-1.7632439830987074,-inf,-0.07760184447302047,-0.09537958590616583,-0.5448699991381577,-inf,-2.7463203179426134,-inf,22.14177777777778,486.2144444444445,0.012503879156728896,0.01687953060666651,0.05859937060204941,0.03450957240388247,0.009443439213771124,0.08434544486246222,2015-08-06
-inf,-inf,-0.09402897399362657,-0.10823717295167827,-0.5448699991381577,-inf,-2.670246237003623,-inf,23.269,278.9511111111111,0.013989089014995749,0.014990121328700345,0.04638884551687279,0.028889886586416235,0.00488226584147209,0.07926779405444827,2015-08-07
-inf,-inf,-0.1246861158956159,-0.12541785640150008,-0.5448699991381577,-inf,-2.5941721560646327,-inf,23.531,392.5677777777778,0.010241631713134303,0.01636808233773229,0.04630053904702931,0.027895270939058865,0.004482364617118267,0.07330567204367862,2015-08-08
-inf,-inf,-0.16508248372148063,-0.1411025444330463,-0.5448699991381577,-inf,-2.518098075125642,-inf,26.065777777777775,503.76,0.013730405460975408,0.019923457541590944,0.05608754212650131,0.032091008406096785,0.004082463392764444,0.08206303916054734,2015-08-09
-inf,-inf,-0.20663249960660154,-0.14925498688726527,-0.6218967633379641,-inf,-2.4420239941866515,-inf,23.512888888888888,269.74444444444447,0.007615856567151903,0.013295325948924505,0.036266456248904295,0.018677859928921552,0.0036825621684106226,0.06385079342574174,2015-08-10
-inf,-inf,-0.2727930161081239,-0.16865768255538538,-0.6835181746978091,-inf,-2.365949913247661,-inf,20.624000000000006,466.6933333333333,0.008847416180058666,0.01814940228190477,0.043711405244345476,0.026075440396377846,0.0032826609440568,0.0822924235331407,2015-08-11
-inf,-inf,-0.37650434544456773,-0.2192115997637049,-0.6835181746978091,-inf,-2.2898758323086708,-inf,22.50477777777778,574.1566666666668,0.013889300106916688,0.016494936761851882,0.04652368384708835,0.027684287212567604,0.0028827597197029773,0.08414434360380604,2015-08-12
-inf,-inf,-0.5448699991381577,-0.2727930161081239,-0.8937123875108431,-inf,-2.2138017513696804,-inf,25.707,480.8755555555556,0.010221651999890342,0.014240712406302067,0.036203571338561204,0.02500533093561416,0.0024828584953491546,0.07567105541074735,2015-08-13
-inf,-inf,-0.5448699991381577,-0.32245496461628437,-0.8937123875108431,-inf,-2.1377276704306896,-inf,28.956111111111113,467.27777777777777,0.01779828385009732,0.013251049989821123,0.03711354423740295,0.023386510343262994,0.0020829572709953324,0.07284981479551482,2015-08-14
-inf,-inf,-0.6835181746978091,-0.37650434544456773,-0.8937123875108431,-inf,-2.061653589491699,-inf,29.505555555555556,540.5666666666666,0.023041039559174272,0.01038059454906707,0.04160513240807856,0.02599426920269502,0.0016830560466415101,0.0781897082996668,2015-08-15
-inf,-inf,-0.8937123875108431,-0.4477166081244117,-1.2408406270139254,-inf,-1.9855795085527088,-inf,29.520555555555557,515.2966666666666,0.018375962935548426,0.010113852712048475,0.042456234327024646,0.027772363328208323,0.0012831548222876873,0.08211523814288728,2015-08-16
-inf,-inf,-1.1637010182354626,-0.5232803566906585,-0.8937123875108431,-inf,-1.9095054276137184,-inf,26.58055555555556,288.31222222222226,0.010473931518491105,0.006141397732084289,0.026295555689303682,0.01743663115777018,0.0008832535979338645,0.0653870240334907,2015-08-17
-inf,-inf,-1.2408406270139254,-0.6835181746978091,-0.84700256244128,-inf,-1.8334313466747276,-inf,23.59233333333333,317.13222222222225,0.00480695232612331,0.006577194328186917,0.028319319955262285,0.01637161599498431,0.00048335237358004276,0.0646697559454812,2015-08-18
-inf,-inf,-1.894313536976568,-0.6527074690178866,-0.8937123875108431,-inf,-1.7573572657357373,-inf,27.536444444444445,321.14222222222224,0.011908018751542068,0.007536844667728607,0.03328009199601542,0.023157727262391375,0.0009672557894915733,0.06598679242021713,2015-08-19
-inf,-inf,-1.894313536976568,-0.8002927373717168,-1.2408406270139254,-inf,-1.6812831847967469,-inf,18.819444444444446,299.89222222222224,0.004280649176193218,0.010018217123088455,0.027902183383319786,0.019273616595448812,0.00339735554980274,0.051598860414270066,2015-08-20
-1.1578252808530582,-0.6835181746978091,-0.13580582026970217,-0.8937123875108431,-0.8937123875108431,-inf,-1.6052091038577565,-inf,21.64622222222222,550.0255555555555,0.015089837431806342,0.010253486705721212,0.05775659387217949,0.03229217179913682,0.005007189292934581,0.07327988449861823,2015-08-21
-inf,-1.2022708226246939,-0.12440446409448667,-1.2408406270139254,-1.2408406270139254,-inf,-1.5291350229187661,-inf,25.689333333333334,417.9888888888888,0.014557008525920444,0.013140426463764779,0.0495376996208373,0.03162408223903285,0.00498834918640549,0.07749011715786804,2015-08-22
-0.06560488428569095,-0.3124224398145286,-0.06873044486215804,-0.14582412040498888,-0.3124224398145286,-inf,-1.4530609419797753,-inf,20.99122222222222,107.62287500000001,0.0057924716083324525,0.011147827290379417,0.017391914636447847,0.012830480473825942,0.003482443874061568,0.02582526974321366,2015-08-23
-0.06560488428569095,-0.0455523386854853,-0.014022934488154726,-0.01896677490594917,-0.043591307702573724,-inf,-1.376986861040785,-inf,14.467222222222224,225.90188888888886,0.0032379143021630066,0.009510027101349086,0.020013754539073707,0.013410202377139864,0.006930706705177386,0.038781140345611205,2015-08-24
-0.06560488428569095,-0.04696355756048009,-0.014784669504895657,-0.018199304352743348,-0.041852527023952195,-inf,-1.3009127801017946,-inf,13.403666666666668,184.45,0.002071687912931436,0.0032603590217380692,0.018609949263925406,0.006548489886429345,0.0023117959998736836,0.03381308660410377,2015-08-25
-0.06560488428569095,-0.05172309436452505,-0.016969842500560137,-0.01948570953111974,-0.03834625023805608,-inf,-1.2248386991628042,-inf,14.488333333333332,218.63888888888889,0.0034713490692765306,0.009254399507539602,0.029678853064216325,0.016596210089868137,0.007084423914221916,0.05608666272184292,2015-08-26
-0.06560488428569095,-0.05560554882929961,-0.019341520881460406,-0.021315722664776954,-0.03760588891634693,-inf,-1.1487646182238134,-inf,18.363666666666667,320.61333333333334,0.005719231296433369,0.011741660943014593,0.04913571191973161,0.0255060144989167,0.009567028670762603,0.07306859300038175,2015-08-27
-0.06560488428569095,-0.058808201075204444,-0.021889193666760245,-0.023119372812433463,-0.04035174205821714,-1.2408406270139254,-1.072690537284823,-inf,21.744,368.5433333333333,0.008903977849055568,0.016796384965286754,0.06270220217568678,0.03166735308330232,0.014040291807421813,0.0741231788149066,2015-08-28
-0.06560488428569095,-0.04696355756048009,-0.019246574305328334,-0.02411453869021452,-0.041852527023952195,-0.5448699991381577,-0.9966164563458326,-inf,20.215666666666667,222.36444444444444,0.004965046467637141,0.009266153332605479,0.0425809634990763,0.017936685605961,0.006228009725326892,0.051218015807261714,2015-08-29
-0.06560488428569095,-0.050980159934249744,-0.02008406874029604,-0.024536717045469388,-0.043637667806824335,-0.45851142934816136,-0.9205423754068423,-inf,23.07133333333333,468.6455555555556,0.008814979302025933,0.02015274160345094,0.06400791888382713,0.03477195943828251,0.01603974428955311,0.0792873426773166,2015-08-30
-0.06560488428569095,-0.05507297425058319,-0.021948843581376623,-0.025485735098506514,-0.04676195486405226,-0.5016907142431595,-0.8444682944678519,-inf,25.280666666666665,468.6022222222222,0.00959694053787318,0.020804873745709565,0.06890446803742135,0.03524885938150786,0.014938788391129365,0.08244839658794127,2015-08-31
-0.06560488428569095,-0.06232073259941213,-0.02475090638807636,-0.02741429559495646,-0.050980159934249744,-0.5448699991381577,-0.7683942135288611,-inf,28.578333333333333,427.0199999999999,0.013271486141952463,0.021561390474025513,0.0694369828101139,0.035224461990589956,0.01558146588128016,0.08219779987989506,2015-09-01
-0.06560488428569095,-0.07807681239887686,-0.027930326082124115,-0.0294911865502624,-0.05172309436452505,-0.6835181746978091,-0.6923201325898707,-inf,26.625666666666667,191.8887777777778,0.006289826465992268,0.01526824289573652,0.04310634239541786,0.020303969050006043,0.011658424156434545,0.05689834649902503,2015-09-02
-0.06560488428569095,-0.03048422797571554,-0.013642486653108951,-0.02249323427706999,-0.05560554882929961,-0.6835181746978091,-0.6162460516508803,-inf,21.287222222222223,206.72255555555554,0.0017192367793404063,0.0143027397788263,0.036417498965000225,0.01652573385308454,0.007038667903866139,0.04715502171174366,2015-09-03
-0.06560488428569095,-0.03555421849748717,-0.014449776410239819,-0.018199304352743348,-0.05732734667205362,-0.8937123875108431,-0.5401719707118899,-inf,23.525222222222222,218.58811111111112,0.003950555144337527,0.010828012226831338,0.039835435073033304,0.013645537461735977,0.010521111777927708,0.05879456291725371,2015-09-04
-0.06560488428569095,-0.0389385392954234,-0.015938403241433988,-0.01896341468660446,-0.050980159934249744,-0.8937123875108431,-0.46409788977289956,-inf,23.534222222222226,198.10066666666663,0.004190816130712504,0.014815539616967266,0.04196043958472155,0.023108165267004703,0.012433546774565164,0.05941491974721381,2015-09-05
-0.06560488428569095,-0.04382660099255,-0.017902012689551043,-0.019930751774577357,-0.048256566562505224,-0.9322821919000744,-0.38802380883390875,-inf,30.31022222222222,409.49333333333334,0.01686980837239905,0.024740836357091414,0.0661320314109715,0.046933675204079706,0.019210443917234647,0.08106065232836246,2015-09-06
-0.06560488428569095,-0.0389385392954234,-0.018199304352743348,-0.021313532443679735,-0.048903071063517795,-1.2408406270139254,-0.31194972789491837,-inf,23.543222222222223,220.4911111111111,0.003246078350741563,0.025366902521791215,0.04080829288221813,0.015949249590955318,0.011795076497746028,0.05338042623901668,2015-09-07
-0.06560488428569095,-0.020552532436721425,-0.009750155507541897,-0.011657815651025147,-0.021039322018133404,-0.47229657644352674,-0.235875646955928,-inf,20.587888888888887,48.58322222222222,0.009015423417495956,0.026188825545648272,0.008223473105334066,0.012615936876458607,0.004229819407195097,0.022076135026768945,2015-09-08
-0.06560488428569095,-0.027674306355871217,-0.012412083023839102,-0.015462063144447443,-0.026431650282556052,-0.08891644606519956,-0.15980156601693762,-inf,21.364111111111114,485.33000000000004,0.01478476848425035,0.045528694811894525,0.06396822557162474,0.04592877889514059,0.021223133729116765,0.09087988400231344,2015-09-09
-0.06560488428569095,-0.03308199520220128,-0.014815530360707294,-0.017815212749923023,-0.033675189537650065,-0.10823717295167827,-0.08372748507794747,-inf,18.16977777777778,302.51666666666665,0.004542511719713792,0.019061783901956696,0.03205727038481908,0.015711470163986118,0.009391163048900867,0.05564681870730533,2015-09-10
-0.06560488428569095,-0.036347471476616044,-0.01629474853962354,-0.019009207864998143,-0.03760588891634693,-0.11629732563837944,-0.08372748507794747,-inf,13.80711111111111,237.44522222222224,0.0056250349535323626,0.032300331876615344,0.04985569211072825,0.027159206258347158,0.01672008146977022,0.06626629613441974,2015-09-11
-0.06560488428569095,-0.0389385392954234,-0.01728472582074008,-0.019879646119337797,-0.04035174205821714,-0.12541785640150008,-0.08891644606519956,-inf,14.671666666666665,376.1066666666666,0.008793694656907092,0.03635153989803735,0.06225650723193126,0.03560515335453529,0.01904985150591643,0.07993931004638295,2015-09-12
-0.06560488428569095,-0.048903071063517795,-0.019879646119337797,-0.021829543752143868,-0.04344873462109867,-0.13580582026970217,-0.09466803998467993,-inf,16.75,453.09888888888895,0.009418844751487238,0.03832193472016889,0.06768601715048998,0.039767747196175304,0.020198831205296666,0.083184797370673,2015-09-13
-0.06560488428569095,-0.05246602879480036,-0.020872377493822713,-0.022614791785018636,-0.04344873462109867,-0.16150728488757587,-0.10823717295167827,-inf,22.881999999999998,466.0444444444444,0.01411135784192779,0.04368163067987925,0.0636092017927156,0.03710306109126818,0.02056239600612762,0.08408985701666241,2015-09-14
-0.06560488428569095,-0.05560554882929961,-0.022008493495992997,-0.023378149513440923,-0.04696355756048009,-0.16150728488757587,-0.11629732563837944,-inf,26.979111111111113,430.2444444444444,0.015354113551004744,0.04148291720246395,0.05259467931678285,0.029227307106092077,0.01875154981920584,0.07872667153632687,2015-09-15
-0.06560488428569095,-0.06066806752052592,-0.023248761162937188,-0.02411453869021452,-0.050287796977339094,-0.1860283640138235,-0.12541785640150008,-inf,25.364555555555555,290.3118888888889,0.015543712476354964,0.0436914054214638,0.051029989762737885,0.02659070101714706,0.017260041385652944,0.07503842870047629,2015-09-16
-0.06560488428569095,-0.06399909177191124,-0.02474780622309682,-0.025115122344040255,-0.050980159934249744,-0.19656921948091885,-0.13580582026970217,-inf,27.646555555555558,404.27666666666664,0.016578227376154834,0.047392774234816255,0.05897355811820443,0.02638140516046773,0.01807069956419219,0.08210234437035713,2015-09-17
